42373;2023.03.08 00:00;4;16,625;-200;-200;15391;205;0
42374;2023.03.08 00:15;4;165,625;-200;-200;15391;205;0
42375;2023.03.08 00:30;4;16,375;-200;-200;15391;205;0
42376;2023.03.08 00:45;4;15,875;-200;-200;15391;205;0
42377;2023.03.08 01:00;4;15,625;-200;-200;15392;205;0
42378;2023.03.08 01:15;4;15,375;-200;-200;15391;205;0
42379;2023.03.08 01:30;4;15,5;-200;-200;15392;205;0
42380;2023.03.08 01:45;4;156,875;-200;-200;15392;205;0
42381;2023.03.08 02:00;4;15,875;-200;-200;15392;205;0
42382;2023.03.08 02:15;4;16;-200;-200;15392;205;0
42383;2023.03.08 02:30;4;16,25;-200;-200;15392;205;0
42384;2023.03.08 02:45;4;16,375;-200;-200;15392;205;0
42385;2023.03.08 03:00;4;16,5;-200;-200;15392;205;0
42386;2023.03.08 03:15;4;165,625;-200;-200;15392;205;0
42387;2023.03.08 03:30;4;16,75;-200;-200;15392;205;0
42388;2023.03.08 03:45;4;16,75;-200;-200;15391;205;0
42389;2023.03.08 04:00;4;16,5;-200;-200;15392;205;0
42390;2023.03.08 04:15;4;16,375;-200;-200;15391;205;0
42391;2023.03.08 04:30;4;163,125;-200;-200;15391;205;0
42392;2023.03.08 04:45;4;16,25;-200;-200;15390;205;0
42393;2023.03.08 05:00;4;16,25;-200;-200;15390;205;0
42394;2023.03.08 05:15;4;161,875;-200;-200;15370;205;0
42395;2023.03.08 05:30;4;16,25;-200;-200;15369;205;0
42396;2023.03.08 05:45;4;163,125;-200;-200;15369;205;0
42397;2023.03.08 06:00;4;16,25;-200;-200;15368;205;0
42398;2023.03.08 06:15;4;16,25;-200;-200;15367;205;0
42399;2023.03.08 06:30;4;16,375;-200;-200;15364;205;0
42400;2023.03.08 06:45;4;161,875;-200;-200;15360;205;0
42401;2023.03.08 07:00;4;16,375;-200;-200;15352;205;0
42402;2023.03.08 07:15;4;163,125;-200;-200;15347;205;0
42403;2023.03.08 07:30;4;16,25;-200;-200;15336;205;0
42404;2023.03.08 07:45;4;16,25;-200;-200;15325;205;0
42405;2023.03.08 08:00;4;16,25;-200;-200;15319;205;0
42406;2023.03.08 08:15;4;161,875;-200;-200;15316;205;0
42407;2023.03.08 08:30;4;16,125;-200;-200;15309;205;0
42408;2023.03.08 08:45;4;160,625;-200;-200;15308;205;0
42409;2023.03.08 09:00;4;16,125;-200;-200;15303;205;0
42410;2023.03.08 09:15;4;16,375;-200;-200;15300;205;0
42411;2023.03.08 09:30;4;16,375;-200;-200;15298;205;0
42412;2023.03.08 09:45;4;163,125;-200;-200;15276;205;0
42413;2023.03.08 10:00;4;16,25;-200;-200;15272;205;0
42414;2023.03.08 10:15;4;16,375;-200;-200;15270;205;0
42415;2023.03.08 10:30;4;16,5;-200;-200;15266;205;0
42416;2023.03.08 10:45;4;16,5;-200;-200;15243;205;0
42417;2023.03.08 11:00;4;16,5;-200;-200;15225;205;0
42418;2023.03.08 11:15;4;16,625;-200;-200;15218;205;0
42419;2023.03.08 11:30;4;16,75;-200;-200;15201;205;0
42420;2023.03.08 11:45;4;16,625;-200;-200;15176;205;0
42421;2023.03.08 12:00;4;166,875;-200;-200;15171;205;0
42422;2023.03.08 12:15;4;166,875;-200;-200;15169;205;0
42423;2023.03.08 12:30;4;165,625;-200;-200;15155;205;0
42424;2023.03.08 12:45;4;16,625;-200;-200;15143;205;0
42425;2023.03.08 13:00;4;16,75;-200;-200;15136;205;0
42426;2023.03.08 13:15;4;168,125;-200;-200;15133;205;0
42427;2023.03.08 13:30;4;17;-200;-200;15127;205;0
42428;2023.03.08 13:45;4;171,875;-200;-200;15121;205;0
42429;2023.03.08 14:00;4;17,5;-200;-200;15115;205;0
42430;2023.03.08 14:15;4;17,625;-200;-200;15091;205;0
42431;2023.03.08 14:30;4;179,375;-200;-200;15090;205;0
42432;2023.03.08 14:45;4;18,25;-200;-200;15086;205;0
42433;2023.03.08 15:00;4;18,875;-200;-200;15078;205;0
42434;2023.03.08 15:15;4;20,375;-200;-200;15072;205;0
42435;2023.03.08 15:30;4;19,25;-200;-200;15062;205;0
42436;2023.03.08 15:45;4;19,375;-200;-200;15043;205;0
42437;2023.03.08 16:00;4;19,125;-200;-200;15017;205;0
42438;2023.03.08 16:15;4;19,125;-200;-200;15011;205;0
42439;2023.03.08 16:30;4;19,125;-200;-200;14997;205;0
42440;2023.03.08 16:45;4;201,875;-200;-200;14993;205;0
42441;2023.03.08 17:00;4;204,375;-200;-200;14992;205;0
42442;2023.03.08 17:15;4;200,625;-200;-200;14977;205;0
42443;2023.03.08 17:30;4;19,875;-200;-200;14945;205;0
42444;2023.03.08 17:45;4;19,625;-200;-200;14939;205;0
42445;2023.03.08 18:00;4;19,125;-200;-200;14927;205;0
42446;2023.03.08 18:15;4;18,75;-200;-200;14912;205;0
42447;2023.03.08 18:30;4;18,625;-200;-200;14883;205;0
42448;2023.03.08 18:45;4;18,875;-200;-200;14882;205;0
42449;2023.03.08 19:00;4;19,125;-200;-200;14882;205;0
42450;2023.03.08 19:15;4;19,125;-200;-200;14881;205;0
42451;2023.03.08 19:30;4;19,125;-200;-200;14881;205;0
42452;2023.03.08 19:45;4;189,375;-200;-200;14881;205;0
42453;2023.03.08 20:00;4;19,125;-200;-200;14882;205;0
42454;2023.03.08 20:15;4;186,875;-200;-200;14881;205;0
42455;2023.03.08 20:30;4;18,625;-200;-200;14881;205;0
42456;2023.03.08 20:45;4;18,75;-200;-200;14881;205;0
42457;2023.03.08 21:00;4;18,875;-200;-200;14881;205;0
42458;2023.03.08 21:15;4;18,875;-200;-200;14881;205;0
42459;2023.03.08 21:30;4;185,625;-200;-200;14880;205;0
42460;2023.03.08 21:45;4;18,625;-200;-200;14880;205;0
42461;2023.03.08 22:00;4;185,625;-200;-200;14880;205;0
42462;2023.03.08 22:15;4;18,5;-200;-200;14880;205;0
42463;2023.03.08 22:30;4;18,25;-200;-200;14881;205;0
42464;2023.03.08 22:45;4;18,125;-200;-200;14881;205;0
42465;2023.03.08 23:00;4;18;-200;-200;14880;205;0
42466;2023.03.08 23:15;4;17,875;-200;-200;14881;205;0
42467;2023.03.08 23:30;4;17,875;-200;-200;14880;205;0
42468;2023.03.08 23:45;4;17,75;-200;-200;14881;205;0
42469;2023.03.09 00:00;4;17,625;-200;-200;14880;205;0
42470;2023.03.09 00:15;4;176,875;-200;-200;14880;205;0
42471;2023.03.09 00:30;4;17,625;-200;-200;14880;205;0
42472;2023.03.09 00:45;4;17,625;-200;-200;14881;205;0
42473;2023.03.09 01:00;4;17,625;-200;-200;14880;205;0
42474;2023.03.09 01:15;4;175,625;-200;-200;14881;205;0
42475;2023.03.09 01:30;4;17,5;-200;-200;14881;205;0
42476;2023.03.09 01:45;4;17,5;-200;-200;14881;205;0
42477;2023.03.09 02:00;4;17,5;-200;-200;14881;205;0
42478;2023.03.09 02:15;4;17,375;-200;-200;14881;205;0
42479;2023.03.09 02:30;4;173,125;-200;-200;14881;205;0
42480;2023.03.09 02:45;4;17,375;-200;-200;14881;205;0
42481;2023.03.09 03:00;4;174,375;-200;-200;14881;205;0
42482;2023.03.09 03:15;4;17,25;-200;-200;14881;205;0
42483;2023.03.09 03:30;4;17,25;-200;-200;14881;205;0
42484;2023.03.09 03:45;4;173,125;-200;-200;14881;205;0
42485;2023.03.09 04:00;4;17,375;-200;-200;14881;205;0
42486;2023.03.09 04:15;4;17,375;-200;-200;14880;205;0
42487;2023.03.09 04:30;4;174,375;-200;-200;14881;205;0
42488;2023.03.09 04:45;4;17,5;-200;-200;14881;205;0
42489;2023.03.09 05:00;4;17,5;-200;-200;14881;205;0
42490;2023.03.09 05:15;4;17,375;-200;-200;14881;205;0
42491;2023.03.09 05:30;4;17,375;-200;-200;14881;205;0
42492;2023.03.09 05:45;4;17,375;-200;-200;14881;205;0
42493;2023.03.09 06:00;4;171,875;-200;-200;14882;205;0
42494;2023.03.09 06:15;4;17;-200;-200;14882;205;0
42495;2023.03.09 06:30;4;16,875;-200;-200;14882;205;0
42496;2023.03.09 06:45;4;16,875;-200;-200;14882;205;0
42497;2023.03.09 07:00;4;16,875;-200;-200;14882;205;0
42498;2023.03.09 07:15;4;16,875;-200;-200;14882;205;0
42499;2023.03.09 07:30;4;16,875;-200;-200;14882;205;0
42500;2023.03.09 07:45;4;168,125;-200;-200;14882;205;0
42501;2023.03.09 08:00;4;16,75;-200;-200;14882;205;0
42502;2023.03.09 08:15;4;166,875;-200;-200;14882;205;0
42503;2023.03.09 08:30;4;166,875;-200;-200;14882;205;0
42504;2023.03.09 08:45;4;164,375;-200;-200;14882;205;0
42505;2023.03.09 09:00;4;16,375;-200;-200;14882;205;0
42506;2023.03.09 09:15;4;163,125;-200;-200;14882;205;0
42507;2023.03.09 09:30;4;16,25;-200;-200;14882;205;0
42508;2023.03.09 09:45;4;161,875;-200;-200;14883;205;0
42509;2023.03.09 10:00;4;161,875;-200;-200;14883;205;0
42510;2023.03.09 10:15;4;16,25;-200;-200;14883;205;0
42511;2023.03.09 10:30;4;16,5;-200;-200;14883;205;0
42512;2023.03.09 10:45;4;16,625;-200;-200;14883;205;0
42513;2023.03.09 11:00;4;16,75;-200;-200;14883;205;0
42514;2023.03.09 11:15;4;16,875;-200;-200;14883;205;0
42515;2023.03.09 11:30;4;16,75;-200;-200;14883;205;0
42516;2023.03.09 11:45;4;16,5;-200;-200;14883;205;0
42517;2023.03.09 12:00;4;16,375;-200;-200;14883;205;0
42518;2023.03.09 12:15;4;164,375;-200;-200;14883;205;0
42519;2023.03.09 12:30;4;16,625;-200;-200;14883;205;0
42520;2023.03.09 12:45;4;166,875;-200;-200;14883;205;0
42521;2023.03.09 13:00;4;16,875;-200;-200;14883;205;0
42522;2023.03.09 13:15;4;170,625;-200;-200;14883;205;0
42523;2023.03.09 13:30;4;171,875;-200;-200;14883;205;0
42524;2023.03.09 13:45;4;171,875;-200;-200;14883;205;0
42525;2023.03.09 14:00;4;17,5;-200;-200;14882;205;0
42526;2023.03.09 14:15;4;17,625;-200;-200;14882;205;0
42527;2023.03.09 14:30;4;18;-200;-200;14882;205;0
42528;2023.03.09 14:45;4;18,125;-200;-200;14882;205;0
42529;2023.03.09 15:00;4;18,375;-200;-200;14883;205;0
42530;2023.03.09 15:15;4;188,125;-200;-200;14883;205;0
42531;2023.03.09 15:30;4;189,375;-200;-200;14883;205;0
42532;2023.03.09 15:45;4;19,125;-200;-200;14883;205;0
42533;2023.03.09 16:00;4;19,875;-200;-200;14883;205;0
42534;2023.03.09 16:15;4;19,25;-200;-200;14883;205;0
42535;2023.03.09 16:30;4;198,125;-200;-200;14883;205;0
42536;2023.03.09 16:45;4;19,625;-200;-200;14882;205;0
42537;2023.03.09 17:00;4;19,75;-200;-200;14882;205;0
42538;2023.03.09 17:15;4;19,875;-200;-200;14883;205;0
42539;2023.03.09 17:30;4;19,625;-200;-200;14882;205;0
42540;2023.03.09 17:45;4;193,125;-200;-200;14882;205;0
42541;2023.03.09 18:00;4;19;-200;-200;14882;205;0
42542;2023.03.09 18:15;4;189,375;-200;-200;14882;205;0
42543;2023.03.09 18:30;4;18,875;-200;-200;14882;205;0
42544;2023.03.09 18:45;4;19,25;-200;-200;14883;205;0
42545;2023.03.09 19:00;4;193,125;-200;-200;14882;205;0
42546;2023.03.09 19:15;4;19,75;-200;-200;14883;205;0
42547;2023.03.09 19:30;4;195,625;-200;-200;14882;205;0
42548;2023.03.09 19:45;4;189,375;-200;-200;14882;205;0
42549;2023.03.09 20:00;4;18,875;-200;-200;14882;205;0
42550;2023.03.09 20:15;4;19,125;-200;-200;14882;205;0
42551;2023.03.09 20:30;4;189,375;-200;-200;14882;205;0
42552;2023.03.09 20:45;4;18,625;-200;-200;14882;205;0
42553;2023.03.09 21:00;4;179,375;-200;-200;14881;205;0
42554;2023.03.09 21:15;4;18;-200;-200;14881;205;0
42555;2023.03.09 21:30;4;174,375;-200;-200;14881;205;0
42556;2023.03.09 21:45;4;173,125;-200;-200;14881;205;0
42557;2023.03.09 22:00;4;173,125;-200;-200;14881;205;0
42558;2023.03.09 22:15;4;17,375;-200;-200;14881;205;0
42559;2023.03.09 22:30;4;17,75;-200;-200;14881;205;0
42560;2023.03.09 22:45;4;18;-200;-200;14881;205;0
42561;2023.03.09 23:00;4;17,875;-200;-200;14881;205;0
42562;2023.03.09 23:15;4;176,875;-200;-200;14881;205;0
42563;2023.03.09 23:30;4;176,875;-200;-200;14881;205;0
42564;2023.03.09 23:45;4;175,625;-200;-200;14881;205;0
42565;2023.03.10 00:00;4;17,375;-200;-200;14881;205;0
42566;2023.03.10 00:15;4;170,625;-200;-200;14881;205;0
42567;2023.03.10 00:30;4;17;-200;-200;14881;205;0
42568;2023.03.10 00:45;4;17;-200;-200;14881;205;0
42569;2023.03.10 01:00;4;17;-200;-200;14881;205;0
42570;2023.03.10 01:15;4;17;-200;-200;14881;205;0
42571;2023.03.10 01:30;4;17,25;-200;-200;14881;205;0
42572;2023.03.10 01:45;4;17,25;-200;-200;14881;205;0
42573;2023.03.10 02:00;4;17,25;-200;-200;14881;205;0
42574;2023.03.10 02:15;4;173,125;-200;-200;14881;205;0
42575;2023.03.10 02:30;4;17,5;-200;-200;14881;205;0
42576;2023.03.10 02:45;4;17,75;-200;-200;14881;205;0
42577;2023.03.10 03:00;4;17,75;-200;-200;14881;205;0
42578;2023.03.10 03:15;4;17,75;-200;-200;14881;205;0
42579;2023.03.10 03:30;4;179,375;-200;-200;14881;205;0
42580;2023.03.10 03:45;4;175,625;-200;-200;14881;205;0
42581;2023.03.10 04:00;4;176,875;-200;-200;14881;205;0
42582;2023.03.10 04:15;4;17,75;-200;-200;14881;205;0
42583;2023.03.10 04:30;4;17,625;-200;-200;14881;205;0
42584;2023.03.10 04:45;4;176,875;-200;-200;14881;205;0
42585;2023.03.10 05:00;4;17,875;-200;-200;14881;205;0
42586;2023.03.10 05:15;4;17,75;-200;-200;14881;205;0
42587;2023.03.10 05:30;4;175,625;-200;-200;14881;205;0
42588;2023.03.10 05:45;4;179,375;-200;-200;14881;205;0
42589;2023.03.10 06:00;4;17,875;-200;-200;14881;205;0
42590;2023.03.10 06:15;4;17,5;-200;-200;14881;205;0
42591;2023.03.10 06:30;4;17,875;-200;-200;14881;205;0
42592;2023.03.10 06:45;4;179,375;-200;-200;14882;205;0
42593;2023.03.10 07:00;4;17,875;-200;-200;14881;205;0
42594;2023.03.10 07:15;4;18,125;-200;-200;14880;205;0
42595;2023.03.10 07:30;4;18;-200;-200;14880;205;0
42596;2023.03.10 07:45;4;17,75;-200;-200;14880;205;0
42597;2023.03.10 08:00;4;176,875;-200;-200;14879;205;0
42598;2023.03.10 08:15;4;18,25;-200;-200;14877;205;0
42599;2023.03.10 08:30;4;184,375;-200;-200;14877;205;0
42600;2023.03.10 08:45;4;17,625;-200;-200;14877;205;0
42601;2023.03.10 09:00;4;16,875;-200;-200;14829;205;0
42602;2023.03.10 09:15;4;16,75;-200;-200;14825;205;0
42603;2023.03.10 09:30;4;16,75;-200;-200;14824;205;0
42604;2023.03.10 09:45;4;17,125;-200;-200;14825;205;0
42605;2023.03.10 10:00;4;17,75;-200;-200;14824;205;0
42606;2023.03.10 10:15;4;176,875;-200;-200;14823;205;0
42607;2023.03.10 10:30;4;17,5;-200;-200;14824;205;0
42608;2023.03.10 10:45;4;17,875;-200;-200;14823;205;0
42609;2023.03.10 11:00;4;17,375;-200;-200;14823;205;0
42610;2023.03.10 11:15;4;17,375;-200;-200;14823;205;0
42611;2023.03.10 11:30;4;17,375;-200;-200;14823;205;0
42612;2023.03.10 11:45;4;173,125;-200;-200;14823;205;0
42613;2023.03.10 12:00;4;17,125;-200;-200;14823;205;0
42614;2023.03.10 12:15;4;17;-200;-200;14823;205;0
42615;2023.03.10 12:30;4;17,75;-200;-200;14821;205;0
42616;2023.03.10 12:45;4;18,25;-200;-200;14821;205;0
42617;2023.03.10 13:00;4;18,5;-200;-200;14819;205;0
42618;2023.03.10 13:15;4;18,75;-200;-200;14819;205;0
42619;2023.03.10 13:30;4;188,125;-200;-200;14818;205;0
42620;2023.03.10 13:45;4;19,25;-200;-200;14818;205;0
42621;2023.03.10 14:00;4;19;-200;-200;14817;205;0
42622;2023.03.10 14:15;4;19,25;-200;-200;14817;205;0
42623;2023.03.10 14:30;4;19,75;-200;-200;14818;205;0
42624;2023.03.10 14:45;4;19,125;-200;-200;14819;205;0
42625;2023.03.10 15:00;4;19;-200;-200;14819;205;0
42626;2023.03.10 15:15;4;193,125;-200;-200;14818;205;0
42627;2023.03.10 15:30;4;18,875;-200;-200;14819;205;0
42628;2023.03.10 15:45;4;19;-200;-200;14818;205;0
42629;2023.03.10 16:00;4;19,5;-200;-200;14817;205;0
42630;2023.03.10 16:15;4;198,125;-200;-200;14816;205;0
42631;2023.03.10 16:30;4;19,625;-200;-200;14816;205;0
42632;2023.03.10 16:45;4;19,75;-200;-200;14815;205;0
42633;2023.03.10 17:00;4;199,375;-200;-200;14814;205;0
42634;2023.03.10 17:15;4;20;-200;-200;14815;205;0
42635;2023.03.10 17:30;4;20,125;-200;-200;14814;205;0
42636;2023.03.10 17:45;4;20;-200;-200;14814;205;0
42637;2023.03.10 18:00;4;19,75;-200;-200;14814;205;0
42638;2023.03.10 18:15;4;20;-200;-200;14812;205;0
42639;2023.03.10 18:30;4;200,625;-200;-200;14812;205;0
42640;2023.03.10 18:45;4;195,625;-200;-200;14811;205;0
42641;2023.03.10 19:00;4;194,375;-200;-200;14810;205;0
42642;2023.03.10 19:15;4;19,5;-200;-200;14809;205;0
42643;2023.03.10 19:30;4;19,625;-200;-200;14805;205;0
42644;2023.03.10 19:45;4;19,625;-200;-200;14805;205;0
42645;2023.03.10 20:00;4;198,125;-200;-200;14805;205;0
42646;2023.03.10 20:15;4;19,5;-200;-200;14804;205;0
42647;2023.03.10 20:30;4;19,625;-200;-200;14804;205;0
42648;2023.03.10 20:45;4;19,625;-200;-200;14803;205;0
42649;2023.03.10 21:00;4;19,625;-200;-200;14803;205;0
42650;2023.03.10 21:15;4;19,375;-200;-200;14803;205;0
42651;2023.03.10 21:30;4;190,625;-200;-200;14803;205;0
42652;2023.03.10 21:45;4;18,875;-200;-200;14803;205;0
42653;2023.03.10 22:00;4;188,125;-200;-200;14803;205;0
42654;2023.03.10 22:15;4;186,875;-200;-200;14803;205;0
42655;2023.03.10 22:30;4;18,5;-200;-200;14803;205;0
42656;2023.03.10 22:45;4;18,5;-200;-200;14802;205;0
42657;2023.03.10 23:00;4;18,375;-200;-200;14803;205;0
42658;2023.03.10 23:15;4;18,25;-200;-200;14803;205;0
42659;2023.03.10 23:30;4;18,125;-200;-200;14803;205;0
42660;2023.03.10 23:45;4;17,75;-200;-200;14802;205;0
42661;2023.03.11 00:00;4;17,375;-200;-200;14803;205;0
42662;2023.03.11 00:15;4;17,125;-200;-200;14803;205;0
42663;2023.03.11 00:30;4;169,375;-200;-200;14803;205;0
42664;2023.03.11 00:45;4;16,875;-200;-200;14803;205;0
42665;2023.03.11 01:00;4;16,875;-200;-200;14803;205;0
42666;2023.03.11 01:15;4;168,125;-200;-200;14803;205;0
42667;2023.03.11 01:30;4;16,875;-200;-200;14803;205;0
42668;2023.03.11 01:45;4;16,75;-200;-200;14803;205;0
42669;2023.03.11 02:00;4;16,875;-200;-200;14803;205;0
42670;2023.03.11 02:15;4;17;-200;-200;14803;205;0
42671;2023.03.11 02:30;4;170,625;-200;-200;14803;205;0
42672;2023.03.11 02:45;4;17;-200;-200;14803;205;0
42673;2023.03.11 03:00;4;16,875;-200;-200;14803;205;0
42674;2023.03.11 03:15;4;16,875;-200;-200;14803;205;0
42675;2023.03.11 03:30;4;17,125;-200;-200;14803;205;0
42676;2023.03.11 03:45;4;171,875;-200;-200;14803;205;0
42677;2023.03.11 04:00;4;17,25;-200;-200;14803;205;0
42678;2023.03.11 04:15;4;176,875;-200;-200;14803;205;0
42679;2023.03.11 04:30;4;178,125;-200;-200;14803;205;0
42680;2023.03.11 04:45;4;17,75;-200;-200;14803;205;0
42681;2023.03.11 05:00;4;176,875;-200;-200;14803;205;0
42682;2023.03.11 05:15;4;17,75;-200;-200;14803;205;0
42683;2023.03.11 05:30;4;176,875;-200;-200;14803;205;0
42684;2023.03.11 05:45;4;17,875;-200;-200;14803;205;0
42685;2023.03.11 06:00;4;17,875;-200;-200;14803;205;0
42686;2023.03.11 06:15;4;17,75;-200;-200;14803;205;0
42687;2023.03.11 06:30;4;17,75;-200;-200;14803;205;0
42688;2023.03.11 06:45;4;17,5;-200;-200;14803;205;0
42689;2023.03.11 07:00;4;17,375;-200;-200;14803;205;0
42690;2023.03.11 07:15;4;17,75;-200;-200;14803;205;0
42691;2023.03.11 07:30;4;175,625;-200;-200;14803;205;0
42692;2023.03.11 07:45;4;17,875;-200;-200;14803;205;0
42693;2023.03.11 08:00;4;18,25;-200;-200;14803;205;0
42694;2023.03.11 08:15;4;181,875;-200;-200;14803;205;0
42695;2023.03.11 08:30;4;18,25;-200;-200;14803;205;0
42696;2023.03.11 08:45;4;18,375;-200;-200;14803;205;0
42697;2023.03.11 09:00;4;179,375;-200;-200;14803;205;0
42698;2023.03.11 09:15;4;17,75;-200;-200;14803;205;0
42699;2023.03.11 09:30;4;174,375;-200;-200;14803;205;0
42700;2023.03.11 09:45;4;17,625;-200;-200;14803;205;0
42701;2023.03.11 10:00;4;17,875;-200;-200;14803;205;0
42702;2023.03.11 10:15;4;17,875;-200;-200;14803;205;0
42703;2023.03.11 10:30;4;179,375;-200;-200;14803;205;0
42704;2023.03.11 10:45;4;17,625;-200;-200;14803;205;0
42705;2023.03.11 11:00;4;17,625;-200;-200;14803;205;0
42706;2023.03.11 11:15;4;17,625;-200;-200;14803;205;0
42707;2023.03.11 11:30;4;17,875;-200;-200;14803;205;0
42708;2023.03.11 11:45;4;17,875;-200;-200;14803;205;0
42709;2023.03.11 12:00;4;17,875;-200;-200;14803;205;0
42710;2023.03.11 12:15;4;176,875;-200;-200;14803;205;0
42711;2023.03.11 12:30;4;17,5;-200;-200;14803;205;0
42712;2023.03.11 12:45;4;17,375;-200;-200;14803;205;0
42713;2023.03.11 13:00;4;179,375;-200;-200;14803;205;0
42714;2023.03.11 13:15;4;18,5;-200;-200;14803;205;0
42715;2023.03.11 13:30;4;184,375;-200;-200;14803;205;0
42716;2023.03.11 13:45;4;18,25;-200;-200;14803;205;0
42717;2023.03.11 14:00;4;184,375;-200;-200;14803;205;0
42718;2023.03.11 14:15;4;19,375;-200;-200;14803;205;0
42719;2023.03.11 14:30;4;19,875;-200;-200;14803;205;0
42720;2023.03.11 14:45;4;19,75;-200;-200;14802;205;0
42721;2023.03.11 15:00;4;19,25;-200;-200;14802;205;0
42722;2023.03.11 15:15;4;18,875;-200;-200;14802;205;0
42723;2023.03.11 15:30;4;19,125;-200;-200;14802;205;0
42724;2023.03.11 15:45;4;19,625;-200;-200;14802;205;0
42725;2023.03.11 16:00;4;19,5;-200;-200;14802;205;0
42726;2023.03.11 16:15;4;19,125;-200;-200;14803;205;0
42727;2023.03.11 16:30;4;194,375;-200;-200;14802;205;0
42728;2023.03.11 16:45;4;19,125;-200;-200;14802;205;0
42729;2023.03.11 17:00;4;18,875;-200;-200;14803;205;0
42730;2023.03.11 17:15;4;19;-200;-200;14802;205;0
42731;2023.03.11 17:30;4;19,125;-200;-200;14803;205;0
42732;2023.03.11 17:45;4;19,25;-200;-200;14802;205;0
42733;2023.03.11 18:00;4;19,75;-200;-200;14803;205;0
42734;2023.03.11 18:15;4;19,75;-200;-200;14802;205;0
42735;2023.03.11 18:30;4;19,625;-200;-200;14802;205;0
42736;2023.03.11 18:45;4;19,25;-200;-200;14803;205;0
42737;2023.03.11 19:00;4;19,25;-200;-200;14803;205;0
42738;2023.03.11 19:15;4;19;-200;-200;14802;205;0
42739;2023.03.11 19:30;4;18,625;-200;-200;14802;205;0
42740;2023.03.11 19:45;4;184,375;-200;-200;14802;205;0
42741;2023.03.11 20:00;4;183,125;-200;-200;14802;205;0
42742;2023.03.11 20:15;4;18,375;-200;-200;14803;205;0
42743;2023.03.11 20:30;4;183,125;-200;-200;14803;205;0
42744;2023.03.11 20:45;4;18,25;-200;-200;14803;205;0
42745;2023.03.11 21:00;4;18,375;-200;-200;14803;205;0
42746;2023.03.11 21:15;4;18,125;-200;-200;14803;205;0
42747;2023.03.11 21:30;4;18,125;-200;-200;14804;205;0
42748;2023.03.11 21:45;4;18,125;-200;-200;14804;205;0
42749;2023.03.11 22:00;4;18,125;-200;-200;14804;205;0
42750;2023.03.11 22:15;4;18,125;-200;-200;14805;205;0
42751;2023.03.11 22:30;4;18,125;-200;-200;14804;205;0
42752;2023.03.11 22:45;4;18,25;-200;-200;14804;205;0
42753;2023.03.11 23:00;4;18,25;-200;-200;14804;205;0
42754;2023.03.11 23:15;4;18,25;-200;-200;14804;205;0
42755;2023.03.11 23:30;4;18,125;-200;-200;14804;205;0
42756;2023.03.11 23:45;4;18,125;-200;-200;14805;205;0
42757;2023.03.12 00:00;4;18,125;-200;-200;14805;205;0
42758;2023.03.12 00:15;4;180,625;-200;-200;14804;205;0
42759;2023.03.12 00:30;4;18;-200;-200;14804;205;0
42760;2023.03.12 00:45;4;18;-200;-200;14804;205;0
42761;2023.03.12 01:00;4;179,375;-200;-200;14804;205;0
42762;2023.03.12 01:15;4;179,375;-200;-200;14805;205;0
42763;2023.03.12 01:30;4;17,875;-200;-200;14805;205;0
42764;2023.03.12 01:45;4;17,75;-200;-200;14805;205;0
42765;2023.03.12 02:00;4;17,625;-200;-200;14806;205;0
42766;2023.03.12 02:15;4;17,625;-200;-200;14806;205;0
42767;2023.03.12 02:30;4;17,5;-200;-200;14807;205;0
42768;2023.03.12 02:45;4;17,375;-200;-200;14807;205;0
42769;2023.03.12 03:00;4;173,125;-200;-200;14807;205;0
42770;2023.03.12 03:15;4;174,375;-200;-200;14807;205;0
42771;2023.03.12 03:30;4;17,375;-200;-200;14807;205;0
42772;2023.03.12 03:45;4;174,375;-200;-200;14807;205;0
42773;2023.03.12 04:00;4;174,375;-200;-200;14807;205;0
42774;2023.03.12 04:15;4;17,5;-200;-200;14807;205;0
42775;2023.03.12 04:30;4;17,5;-200;-200;14807;205;0
42776;2023.03.12 04:45;4;17,5;-200;-200;14807;205;0
42777;2023.03.12 05:00;4;17,375;-200;-200;14808;205;0
42778;2023.03.12 05:15;4;17,5;-200;-200;14809;205;0
42779;2023.03.12 05:30;4;17,625;-200;-200;14809;205;0
42780;2023.03.12 05:45;4;17,625;-200;-200;14809;205;0
42781;2023.03.12 06:00;4;17,625;-200;-200;14809;205;0
42782;2023.03.12 06:15;4;17,625;-200;-200;14809;205;0
42783;2023.03.12 06:30;4;17,625;-200;-200;14808;205;0
42784;2023.03.12 06:45;4;176,875;-200;-200;14808;205;0
42785;2023.03.12 07:00;4;17,75;-200;-200;14808;205;0
42786;2023.03.12 07:15;4;176,875;-200;-200;14808;205;0
42787;2023.03.12 07:30;4;176,875;-200;-200;14808;205;0
42788;2023.03.12 07:45;4;17,625;-200;-200;14808;205;0
42789;2023.03.12 08:00;4;17,625;-200;-200;14808;205;0
42790;2023.03.12 08:15;4;17,75;-200;-200;14808;205;0
42791;2023.03.12 08:30;4;17,875;-200;-200;14808;205;0
42792;2023.03.12 08:45;4;179,375;-200;-200;14808;205;0
42793;2023.03.12 09:00;4;17,875;-200;-200;14808;205;0
42794;2023.03.12 09:15;4;18;-200;-200;14808;205;0
42795;2023.03.12 09:30;4;179,375;-200;-200;14808;205;0
42796;2023.03.12 09:45;4;17,875;-200;-200;14808;205;0
42797;2023.03.12 10:00;4;18;-200;-200;14808;205;0
42798;2023.03.12 10:15;4;18;-200;-200;14808;205;0
42799;2023.03.12 10:30;4;18,125;-200;-200;14808;205;0
42800;2023.03.12 10:45;4;180,625;-200;-200;14807;205;0
42801;2023.03.12 11:00;4;180,625;-200;-200;14807;205;0
42802;2023.03.12 11:15;4;18,375;-200;-200;14807;205;0
42803;2023.03.12 11:30;4;18,375;-200;-200;14807;205;0
42804;2023.03.12 11:45;4;18,375;-200;-200;14807;205;0
42805;2023.03.12 12:00;4;180,625;-200;-200;14807;205;0
42806;2023.03.12 12:15;4;18;-200;-200;14806;205;0
42807;2023.03.12 12:30;4;18;-200;-200;14807;205;0
42808;2023.03.12 12:45;4;18,25;-200;-200;14807;205;0
42809;2023.03.12 13:00;4;18,5;-200;-200;14807;205;0
42810;2023.03.12 13:15;4;18,625;-200;-200;14806;205;0
42811;2023.03.12 13:30;4;18,875;-200;-200;14806;205;0
42812;2023.03.12 13:45;4;19,25;-200;-200;14806;205;0
42813;2023.03.12 14:00;4;19,5;-200;-200;14806;205;0
42814;2023.03.12 14:15;4;20,25;-200;-200;14806;205;0
42815;2023.03.12 14:30;4;20,5;-200;-200;14805;205;0
42816;2023.03.12 14:45;4;205,625;-200;-200;14804;205;0
42817;2023.03.12 15:00;4;21,125;-200;-200;14802;205;0
42818;2023.03.12 15:15;4;218,125;-200;-200;14801;205;0
42819;2023.03.12 15:30;4;21,375;-200;-200;14801;205;0
42820;2023.03.12 15:45;4;211,875;-200;-200;14801;205;0
42821;2023.03.12 16:00;4;21,125;-200;-200;14802;205;0
42822;2023.03.12 16:15;4;21,25;-200;-200;14801;205;0
42823;2023.03.12 16:30;4;21,25;-200;-200;14801;205;0
42824;2023.03.12 16:45;4;21,25;-200;-200;14801;205;0
42825;2023.03.12 17:00;4;20,625;-200;-200;14801;205;0
42826;2023.03.12 17:15;4;20,125;-200;-200;14801;205;0
42827;2023.03.12 17:30;4;20;-200;-200;14801;205;0
42828;2023.03.12 17:45;4;20;-200;-200;14801;205;0
42829;2023.03.12 18:00;4;19,5;-200;-200;14801;205;0
42830;2023.03.12 18:15;4;19,25;-200;-200;14801;205;0
42831;2023.03.12 18:30;4;19,25;-200;-200;14801;205;0
42832;2023.03.12 18:45;4;19,375;-200;-200;14801;205;0
42833;2023.03.12 19:00;4;19,25;-200;-200;14801;205;0
42834;2023.03.12 19:15;4;191,875;-200;-200;14801;205;0
42835;2023.03.12 19:30;4;19,25;-200;-200;14801;205;0
42836;2023.03.12 19:45;4;19;-200;-200;14801;205;0
42837;2023.03.12 20:00;4;18,875;-200;-200;14802;205;0
42838;2023.03.12 20:15;4;18,75;-200;-200;14801;205;0
42839;2023.03.12 20:30;4;185,625;-200;-200;14802;205;0
42840;2023.03.12 20:45;4;18,375;-200;-200;14802;205;0
42841;2023.03.12 21:00;4;181,875;-200;-200;14802;205;0
42842;2023.03.12 21:15;4;18,125;-200;-200;14802;205;0
42843;2023.03.12 21:30;4;18,125;-200;-200;14801;205;0
42844;2023.03.12 21:45;4;180,625;-200;-200;14802;205;0
42845;2023.03.12 22:00;4;18;-200;-200;14802;205;0
42846;2023.03.12 22:15;4;18,125;-200;-200;14802;205;0
42847;2023.03.12 22:30;4;180,625;-200;-200;14801;205;0
42848;2023.03.12 22:45;4;17,875;-200;-200;14802;205;0
42849;2023.03.12 23:00;4;179,375;-200;-200;14803;205;0
42850;2023.03.12 23:15;4;17,875;-200;-200;14803;205;0
42851;2023.03.12 23:30;4;179,375;-200;-200;14803;205;0
42852;2023.03.12 23:45;4;176,875;-200;-200;14804;205;0
42853;2023.03.13 00:00;4;176,875;-200;-200;14805;205;0
42854;2023.03.13 00:15;4;17,625;-200;-200;14804;205;0
42855;2023.03.13 00:30;4;175,625;-200;-200;14805;205;0
42856;2023.03.13 00:45;4;17,625;-200;-200;14806;205;0
42857;2023.03.13 01:00;4;17,5;-200;-200;14806;205;0
42858;2023.03.13 01:15;4;17,5;-200;-200;14808;205;0
42859;2023.03.13 01:30;4;174,375;-200;-200;14807;205;0
42860;2023.03.13 01:45;4;17,375;-200;-200;14808;205;0
42861;2023.03.13 02:00;4;17,5;-200;-200;14807;205;0
42862;2023.03.13 02:15;4;175,625;-200;-200;14807;205;0
42863;2023.03.13 02:30;4;17,625;-200;-200;14807;205;0
42864;2023.03.13 02:45;4;17,875;-200;-200;14807;205;0
42865;2023.03.13 03:00;4;180,625;-200;-200;14807;205;0
42866;2023.03.13 03:15;4;18;-200;-200;14807;205;0
42867;2023.03.13 03:30;4;18;-200;-200;14807;205;0
42868;2023.03.13 03:45;4;179,375;-200;-200;14807;205;0
42869;2023.03.13 04:00;4;17,875;-200;-200;14807;205;0
42870;2023.03.13 04:15;4;18,125;-200;-200;14807;205;0
42871;2023.03.13 04:30;4;18,125;-200;-200;14806;205;0
42872;2023.03.13 04:45;4;18,125;-200;-200;14807;205;0
42873;2023.03.13 05:00;4;181,875;-200;-200;14807;205;0
42874;2023.03.13 05:15;4;17,75;-200;-200;14807;205;0
42875;2023.03.13 05:30;4;176,875;-200;-200;14806;205;0
42876;2023.03.13 05:45;4;17,75;-200;-200;14807;205;0
42877;2023.03.13 06:00;4;17,75;-200;-200;14807;205;0
42878;2023.03.13 06:15;4;178,125;-200;-200;14807;205;0
42879;2023.03.13 06:30;4;18;-200;-200;14807;205;0
42880;2023.03.13 06:45;4;17,875;-200;-200;14807;205;0
42881;2023.03.13 07:00;4;17,875;-200;-200;14807;205;0
42882;2023.03.13 07:15;4;18;-200;-200;14807;205;0
42883;2023.03.13 07:30;4;17,875;-200;-200;14807;205;0
42884;2023.03.13 07:45;4;17,875;-200;-200;14807;205;0
42885;2023.03.13 08:00;4;17,75;-200;-200;14807;205;0
42886;2023.03.13 08:15;4;176,875;-200;-200;14806;205;0
42887;2023.03.13 08:30;4;17,875;-200;-200;14807;205;0
42888;2023.03.13 08:45;4;17,75;-200;-200;14807;205;0
42889;2023.03.13 09:00;4;17,75;-200;-200;14807;205;0
42890;2023.03.13 09:15;4;181,875;-200;-200;14806;205;0
42891;2023.03.13 09:30;4;183,125;-200;-200;14806;205;0
42892;2023.03.13 09:45;4;183,125;-200;-200;14807;205;0
42893;2023.03.13 10:00;4;18,25;-200;-200;14806;205;0
42894;2023.03.13 10:15;4;18,25;-200;-200;14807;205;0
42895;2023.03.13 10:30;4;18,25;-200;-200;14807;205;0
42896;2023.03.13 10:45;4;18,25;-200;-200;14807;205;0
42897;2023.03.13 11:00;4;18,125;-200;-200;14807;205;0
42898;2023.03.13 11:15;4;18,125;-200;-200;14807;205;0
42899;2023.03.13 11:30;4;181,875;-200;-200;14807;205;0
42900;2023.03.13 11:45;4;18,125;-200;-200;14807;205;0
42901;2023.03.13 12:00;4;181,875;-200;-200;14806;205;0
42902;2023.03.13 12:15;4;18,25;-200;-200;14807;205;0
42903;2023.03.13 12:30;4;18,75;-200;-200;14807;205;0
42904;2023.03.13 12:45;4;186,875;-200;-200;14807;205;0
42905;2023.03.13 13:00;4;19;-200;-200;14807;205;0
42906;2023.03.13 13:15;4;18,875;-200;-200;14807;205;0
42907;2023.03.13 13:30;4;190,625;-200;-200;14807;205;0
42908;2023.03.13 13:45;4;19,25;-200;-200;14807;205;0
42909;2023.03.13 14:00;4;19,25;-200;-200;14807;205;0
42910;2023.03.13 14:15;4;19,375;-200;-200;14807;205;0
42911;2023.03.13 14:30;4;19,375;-200;-200;14807;205;0
42912;2023.03.13 14:45;4;19,5;-200;-200;14807;205;0
42913;2023.03.13 15:00;4;196,875;-200;-200;14808;205;0
42914;2023.03.13 15:15;4;20;-200;-200;14808;205;0
42915;2023.03.13 15:30;4;20,5;-200;-200;14808;205;0
42916;2023.03.13 15:45;4;204,375;-200;-200;14808;205;0
42917;2023.03.13 16:00;4;19,625;-200;-200;14808;205;0
42918;2023.03.13 16:15;4;19,5;-200;-200;14808;205;0
42919;2023.03.13 16:30;4;19,5;-200;-200;14808;205;0
42920;2023.03.13 16:45;4;19,5;-200;-200;14808;205;0
42921;2023.03.13 17:00;4;195,625;-200;-200;14808;205;0
42922;2023.03.13 17:15;4;19,625;-200;-200;14808;205;0
42923;2023.03.13 17:30;4;19,875;-200;-200;14808;205;0
42924;2023.03.13 17:45;4;20,25;-200;-200;14808;205;0
42925;2023.03.13 18:00;4;20,375;-200;-200;14808;205;0
42926;2023.03.13 18:15;4;20,125;-200;-200;14808;205;0
42927;2023.03.13 18:30;4;20,25;-200;-200;14808;205;0
42928;2023.03.13 18:45;4;20,375;-200;-200;14808;205;0
42929;2023.03.13 19:00;4;20,25;-200;-200;14808;205;0
42930;2023.03.13 19:15;4;200,625;-200;-200;14808;205;0
42931;2023.03.13 19:30;4;19,875;-200;-200;14808;205;0
42932;2023.03.13 19:45;4;19,75;-200;-200;14808;205;0
42933;2023.03.13 20:00;4;19,75;-200;-200;14808;205;0
42934;2023.03.13 20:15;4;195,625;-200;-200;14807;205;0
42935;2023.03.13 20:30;4;19,375;-200;-200;14808;205;0
42936;2023.03.13 20:45;4;19,375;-200;-200;14807;205;0
42937;2023.03.13 21:00;4;19,25;-200;-200;14808;205;0
42938;2023.03.13 21:15;4;19,375;-200;-200;14808;205;0
42939;2023.03.13 21:30;4;19,5;-200;-200;14808;205;0
42940;2023.03.13 21:45;4;19,375;-200;-200;14808;205;0
42941;2023.03.13 22:00;4;195,625;-200;-200;14808;205;0
42942;2023.03.13 22:15;4;19,5;-200;-200;14808;205;0
42943;2023.03.13 22:30;4;194,375;-200;-200;14808;205;0
42944;2023.03.13 22:45;4;19,375;-200;-200;14807;205;0
42945;2023.03.13 23:00;4;19,375;-200;-200;14808;205;0
42946;2023.03.13 23:15;4;19,25;-200;-200;14808;205;0
42947;2023.03.13 23:30;4;19,25;-200;-200;14808;205;0
42948;2023.03.13 23:45;4;19,125;-200;-200;14808;205;0
42949;2023.03.14 00:00;4;18,5;-200;-200;14808;205;0
42950;2023.03.14 00:15;4;18,25;-200;-200;14809;205;0
42951;2023.03.14 00:30;4;183,125;-200;-200;14810;205;0
42952;2023.03.14 00:45;4;18,25;-200;-200;14810;205;0
42953;2023.03.14 01:00;4;18,25;-200;-200;14810;205;0
42954;2023.03.14 01:15;4;18,375;-200;-200;14810;205;0
42955;2023.03.14 01:30;4;18,375;-200;-200;14811;205;0
42956;2023.03.14 01:45;4;18,375;-200;-200;14811;205;0
42957;2023.03.14 02:00;4;183,125;-200;-200;14811;205;0
42958;2023.03.14 02:15;4;18,25;-200;-200;14811;205;0
42959;2023.03.14 02:30;4;18,25;-200;-200;14811;205;0
42960;2023.03.14 02:45;4;18,125;-200;-200;14811;205;0
42961;2023.03.14 03:00;4;18,125;-200;-200;14811;205;0
42962;2023.03.14 03:15;4;18,125;-200;-200;14812;205;0
42963;2023.03.14 03:30;4;18;-200;-200;14811;205;0
42964;2023.03.14 03:45;4;18;-200;-200;14812;205;0
42965;2023.03.14 04:00;4;179,375;-200;-200;14812;205;0
42966;2023.03.14 04:15;4;17,625;-200;-200;14813;205;0
42967;2023.03.14 04:30;4;17,625;-200;-200;14814;205;0
42968;2023.03.14 04:45;4;18,25;-200;-200;14814;205;0
42969;2023.03.14 05:00;4;18,625;-200;-200;14814;205;0
42970;2023.03.14 05:15;4;19;-200;-200;14814;205;0
42971;2023.03.14 05:30;4;18,75;-200;-200;14814;205;0
42972;2023.03.14 05:45;4;18,625;-200;-200;14814;205;0
42973;2023.03.14 06:00;4;18,25;-200;-200;14814;205;0
42974;2023.03.14 06:15;4;18,25;-200;-200;14814;205;0
42975;2023.03.14 06:30;4;18,125;-200;-200;14814;205;0
42976;2023.03.14 06:45;4;18,125;-200;-200;14814;205;0
42977;2023.03.14 07:00;4;17,875;-200;-200;14814;205;0
42978;2023.03.14 07:15;4;18;-200;-200;14814;205;0
42979;2023.03.14 07:30;4;17,875;-200;-200;14814;205;0
42980;2023.03.14 07:45;4;17,75;-200;-200;14814;205;0
42981;2023.03.14 08:00;4;17,625;-200;-200;14814;205;0
42982;2023.03.14 08:15;4;17,875;-200;-200;14814;205;0
42983;2023.03.14 08:30;4;181,875;-200;-200;14814;205;0
42984;2023.03.14 08:45;4;18,5;-200;-200;14814;205;0
42985;2023.03.14 09:00;4;18,5;-200;-200;14814;205;0
42986;2023.03.14 09:15;4;18;-200;-200;14814;205;0
42987;2023.03.14 09:30;4;18,125;-200;-200;14814;205;0
42988;2023.03.14 09:45;4;18,125;-200;-200;14814;205;0
42989;2023.03.14 10:00;4;180,625;-200;-200;14814;205;0
42990;2023.03.14 10:15;4;18,25;-200;-200;14814;205;0
42991;2023.03.14 10:30;4;181,875;-200;-200;14814;205;0
42992;2023.03.14 10:45;4;180,625;-200;-200;14814;205;0
42993;2023.03.14 11:00;4;18;-200;-200;14814;205;0
42994;2023.03.14 11:15;4;17,75;-200;-200;14814;205;0
42995;2023.03.14 11:30;4;18;-200;-200;14814;205;0
42996;2023.03.14 11:45;4;18,125;-200;-200;14814;205;0
42997;2023.03.14 12:00;4;18,125;-200;-200;14814;205;0
42998;2023.03.14 12:15;4;181,875;-200;-200;14814;205;0
42999;2023.03.14 12:30;4;18,75;-200;-200;14814;205;0
43000;2023.03.14 12:45;4;19,125;-200;-200;14813;205;0
43001;2023.03.14 13:00;4;19,375;-200;-200;14813;205;0
43002;2023.03.14 13:15;4;19,625;-200;-200;14813;205;0
43003;2023.03.14 13:30;4;198,125;-200;-200;14813;205;0
43004;2023.03.14 13:45;4;20,25;-200;-200;14813;205;0
43005;2023.03.14 14:00;4;20,375;-200;-200;14813;205;0
43006;2023.03.14 14:15;4;205,625;-200;-200;14812;205;0
43007;2023.03.14 14:30;4;20,5;-200;-200;14813;205;0
43008;2023.03.14 14:45;4;20,25;-200;-200;14813;205;0
43009;2023.03.14 15:00;4;20;-200;-200;14813;205;0
43010;2023.03.14 15:15;4;20,25;-200;-200;14813;205;0
43011;2023.03.14 15:30;4;206,875;-200;-200;14813;205;0
43012;2023.03.14 15:45;4;21,375;-200;-200;14812;205;0
43013;2023.03.14 16:00;4;21,5;-200;-200;14812;205;0
43014;2023.03.14 16:15;4;214,375;-200;-200;14811;205;0
43015;2023.03.14 16:30;4;21,375;-200;-200;14811;205;0
43016;2023.03.14 16:45;4;21,625;-200;-200;14812;205;0
43017;2023.03.14 17:00;4;21,25;-200;-200;14812;205;0
43018;2023.03.14 17:15;4;21,125;-200;-200;14812;205;0
43019;2023.03.14 17:30;4;20,875;-200;-200;14811;205;0
43020;2023.03.14 17:45;4;205,625;-200;-200;14811;205;0
43021;2023.03.14 18:00;4;20,625;-200;-200;14812;205;0
43022;2023.03.14 18:15;4;20,75;-200;-200;14812;205;0
43023;2023.03.14 18:30;4;20,625;-200;-200;14811;205;0
43024;2023.03.14 18:45;4;20,375;-200;-200;14812;205;0
43025;2023.03.14 19:00;4;20,375;-200;-200;14812;205;0
43026;2023.03.14 19:15;4;20,25;-200;-200;14811;205;0
43027;2023.03.14 19:30;4;200,625;-200;-200;14812;205;0
43028;2023.03.14 19:45;4;20;-200;-200;14811;205;0
43029;2023.03.14 20:00;4;20;-200;-200;14811;205;0
43030;2023.03.14 20:15;4;199,375;-200;-200;14811;205;0
43031;2023.03.14 20:30;4;20;-200;-200;14811;205;0
43032;2023.03.14 20:45;4;20,125;-200;-200;14811;205;0
43033;2023.03.14 21:00;4;20,125;-200;-200;14811;205;0
43034;2023.03.14 21:15;4;20;-200;-200;14811;205;0
43035;2023.03.14 21:30;4;19,875;-200;-200;14811;205;0
43036;2023.03.14 21:45;4;20;-200;-200;14811;205;0
43037;2023.03.14 22:00;4;199,375;-200;-200;14811;205;0
43038;2023.03.14 22:15;4;20,125;-200;-200;14811;205;0
43039;2023.03.14 22:30;4;19,875;-200;-200;14811;205;0
43040;2023.03.14 22:45;4;19,625;-200;-200;14811;205;0
43041;2023.03.14 23:00;4;19,5;-200;-200;14811;205;0
43042;2023.03.14 23:15;4;19;-200;-200;14812;205;0
43043;2023.03.14 23:30;4;18,75;-200;-200;14811;205;0
43044;2023.03.14 23:45;4;18,5;-200;-200;14812;205;0
43045;2023.03.15 00:00;4;18,5;-200;-200;14811;205;0
43046;2023.03.15 00:15;4;18,5;-200;-200;14812;205;0
43047;2023.03.15 00:30;4;18,375;-200;-200;14812;205;0
43048;2023.03.15 00:45;4;183,125;-200;-200;14812;205;0
43049;2023.03.15 01:00;4;18,375;-200;-200;14812;205;0
43050;2023.03.15 01:15;4;18,625;-200;-200;14812;205;0
43051;2023.03.15 01:30;4;18,625;-200;-200;14812;205;0
43052;2023.03.15 01:45;4;18,5;-200;-200;14812;205;0
43053;2023.03.15 02:00;4;18,375;-200;-200;14812;205;0
43054;2023.03.15 02:15;4;18,125;-200;-200;14812;205;0
43055;2023.03.15 02:30;4;180,625;-200;-200;14812;205;0
43056;2023.03.15 02:45;4;18;-200;-200;14812;205;0
43057;2023.03.15 03:00;4;179,375;-200;-200;14812;205;0
43058;2023.03.15 03:15;4;180,625;-200;-200;14812;205;0
43059;2023.03.15 03:30;4;18;-200;-200;14812;205;0
43060;2023.03.15 03:45;4;18,125;-200;-200;14812;205;0
43061;2023.03.15 04:00;4;18,375;-200;-200;14812;205;0
43062;2023.03.15 04:15;4;184,375;-200;-200;14812;205;0
43063;2023.03.15 04:30;4;18,5;-200;-200;14812;205;0
43064;2023.03.15 04:45;4;186,875;-200;-200;14812;205;0
43065;2023.03.15 05:00;4;18,75;-200;-200;14812;205;0
43066;2023.03.15 05:15;4;185,625;-200;-200;14812;205;0
43067;2023.03.15 05:30;4;18,5;-200;-200;14812;205;0
43068;2023.03.15 05:45;4;18,375;-200;-200;14812;205;0
43069;2023.03.15 06:00;4;18,375;-200;-200;14812;205;0
43070;2023.03.15 06:15;4;18,375;-200;-200;14812;205;0
43071;2023.03.15 06:30;4;18,25;-200;-200;14812;205;0
43072;2023.03.15 06:45;4;18;-200;-200;14812;205;0
43073;2023.03.15 07:00;4;180,625;-200;-200;14812;205;0
43074;2023.03.15 07:15;4;181,875;-200;-200;14812;205;0
43075;2023.03.15 07:30;4;18,375;-200;-200;14812;205;0
43076;2023.03.15 07:45;4;18,375;-200;-200;14812;205;0
43077;2023.03.15 08:00;4;18,375;-200;-200;14812;205;0
43078;2023.03.15 08:15;4;18,375;-200;-200;14812;205;0
43079;2023.03.15 08:30;4;18,25;-200;-200;14812;205;0
43080;2023.03.15 08:45;4;18,25;-200;-200;14812;205;0
43081;2023.03.15 09:00;4;18,25;-200;-200;14812;205;0
43082;2023.03.15 09:15;4;18,125;-200;-200;14812;205;0
43083;2023.03.15 09:30;4;18;-200;-200;14812;205;0
43084;2023.03.15 09:45;4;18,125;-200;-200;14812;205;0
43085;2023.03.15 10:00;4;18,375;-200;-200;14812;205;0
43086;2023.03.15 10:15;4;18,375;-200;-200;14812;205;0
43087;2023.03.15 10:30;4;181,875;-200;-200;14812;205;0
43088;2023.03.15 10:45;4;18;-200;-200;14812;205;0
43089;2023.03.15 11:00;4;17,875;-200;-200;14812;205;0
43090;2023.03.15 11:15;4;176,875;-200;-200;14813;205;0
43091;2023.03.15 11:30;4;17,25;-200;-200;14814;205;0
43092;2023.03.15 11:45;4;17,25;-200;-200;14813;205;0
43093;2023.03.15 12:00;4;17,375;-200;-200;14813;205;0
43094;2023.03.15 12:15;4;17,375;-200;-200;14813;205;0
43095;2023.03.15 12:30;4;181,875;-200;-200;14813;205;0
43096;2023.03.15 12:45;4;19,125;-200;-200;14813;205;0
43097;2023.03.15 13:00;4;19,5;-200;-200;14813;205;0
43098;2023.03.15 13:15;4;19,625;-200;-200;14813;205;0
43099;2023.03.15 13:30;4;19,75;-200;-200;14813;205;0
43100;2023.03.15 13:45;4;20,375;-200;-200;14813;205;0
43101;2023.03.15 14:00;4;20,75;-200;-200;14814;205;0
43102;2023.03.15 14:15;4;20,875;-200;-200;14814;205;0
43103;2023.03.15 14:30;4;21,125;-200;-200;14813;205;0
43104;2023.03.15 14:45;4;21,5;-200;-200;14814;205;0
43105;2023.03.15 15:00;4;21,125;-200;-200;14813;205;0
43106;2023.03.15 15:15;4;215,625;-200;-200;14814;205;0
43107;2023.03.15 15:30;4;21,875;-200;-200;14813;205;0
43108;2023.03.15 15:45;4;209,375;-200;-200;14813;205;0
43109;2023.03.15 16:00;4;21,25;-200;-200;14813;205;0
43110;2023.03.15 16:15;4;22,125;-200;-200;14813;205;0
43111;2023.03.15 16:30;4;221,875;-200;-200;14813;205;0
43112;2023.03.15 16:45;4;21,25;-200;-200;14813;205;0
43113;2023.03.15 17:00;4;20,875;-200;-200;14813;205;0
43114;2023.03.15 17:15;4;20,625;-200;-200;14813;205;0
43115;2023.03.15 17:30;4;20,75;-200;-200;14813;205;0
43116;2023.03.15 17:45;4;20,375;-200;-200;14813;205;0
43117;2023.03.15 18:00;4;20,5;-200;-200;14813;205;0
43118;2023.03.15 18:15;4;20,375;-200;-200;14813;205;0
43119;2023.03.15 18:30;4;20,875;-200;-200;14812;205;0
43120;2023.03.15 18:45;4;20,75;-200;-200;14812;205;0
43121;2023.03.15 19:00;4;20,625;-200;-200;14812;205;0
43122;2023.03.15 19:15;4;21,125;-200;-200;14812;205;0
43123;2023.03.15 19:30;4;21;-200;-200;14813;205;0
43124;2023.03.15 19:45;4;21;-200;-200;14813;205;0
43125;2023.03.15 20:00;4;20,625;-200;-200;14813;205;0
43126;2023.03.15 20:15;4;20,625;-200;-200;14812;205;0
43127;2023.03.15 20:30;4;20,75;-200;-200;14812;205;0
43128;2023.03.15 20:45;4;210,625;-200;-200;14812;205;0
43129;2023.03.15 21:00;4;21;-200;-200;14812;205;0
43130;2023.03.15 21:15;4;210,625;-200;-200;14812;205;0
43131;2023.03.15 21:30;4;21,125;-200;-200;14812;205;0
43132;2023.03.15 21:45;4;21,25;-200;-200;14812;205;0
43133;2023.03.15 22:00;4;21,5;-200;-200;14812;205;0
43134;2023.03.15 22:15;4;21,25;-200;-200;14812;205;0
43135;2023.03.15 22:30;4;211,875;-200;-200;14812;205;0
43136;2023.03.15 22:45;4;19,25;-200;-200;14812;205;0
43137;2023.03.15 23:00;4;18,375;-200;-200;14812;205;0
43138;2023.03.15 23:15;4;18;-200;-200;14812;205;0
43139;2023.03.15 23:30;4;17,5;-200;-200;14813;205;0
43140;2023.03.15 23:45;4;17,375;-200;-200;14814;205;0
43141;2023.03.16 00:00;4;175,625;-200;-200;14813;205;0
43142;2023.03.16 00:15;4;17,625;-200;-200;14813;205;0
43143;2023.03.16 00:30;4;17,75;-200;-200;14813;205;0
43144;2023.03.16 00:45;4;18;-200;-200;14813;205;0
43145;2023.03.16 01:00;4;18,25;-200;-200;14813;205;0
43146;2023.03.16 01:15;4;18,5;-200;-200;14813;205;0
43147;2023.03.16 01:30;4;184,375;-200;-200;14813;205;0
43148;2023.03.16 01:45;4;18,75;-200;-200;14813;205;0
43149;2023.03.16 02:00;4;18,875;-200;-200;14813;205;0
43150;2023.03.16 02:15;4;19;-200;-200;14813;205;0
43151;2023.03.16 02:30;4;18,75;-200;-200;14813;205;0
43152;2023.03.16 02:45;4;19,25;-200;-200;14813;205;0
43153;2023.03.16 03:00;4;19;-200;-200;14813;205;0
43154;2023.03.16 03:15;4;18,625;-200;-200;14813;205;0
43155;2023.03.16 03:30;4;18,5;-200;-200;14813;205;0
43156;2023.03.16 03:45;4;18,75;-200;-200;14813;205;0
43157;2023.03.16 04:00;4;18,625;-200;-200;14813;205;0
43158;2023.03.16 04:15;4;19,125;-200;-200;14812;205;0
43159;2023.03.16 04:30;4;19,125;-200;-200;14812;205;0
43160;2023.03.16 04:45;4;190,625;-200;-200;14813;205;0
43161;2023.03.16 05:00;4;18,75;-200;-200;14813;205;0
43162;2023.03.16 05:15;4;186,875;-200;-200;14813;205;0
43163;2023.03.16 05:30;4;18,25;-200;-200;14813;205;0
43164;2023.03.16 05:45;4;18,75;-200;-200;14813;205;0
43165;2023.03.16 06:00;4;188,125;-200;-200;14813;205;0
43166;2023.03.16 06:15;4;19;-200;-200;14813;205;0
43167;2023.03.16 06:30;4;18,875;-200;-200;14812;205;0
43168;2023.03.16 06:45;4;19,125;-200;-200;14813;205;0
43169;2023.03.16 07:00;4;18,875;-200;-200;14813;205;0
43170;2023.03.16 07:15;4;18,75;-200;-200;14813;205;0
43171;2023.03.16 07:30;4;18,75;-200;-200;14813;205;0
43172;2023.03.16 07:45;4;18,125;-200;-200;14813;205;0
43173;2023.03.16 08:00;4;18,375;-200;-200;14813;205;0
43174;2023.03.16 08:15;4;18,75;-200;-200;14813;205;0
43175;2023.03.16 08:30;4;188,125;-200;-200;14812;205;0
43176;2023.03.16 08:45;4;18,75;-200;-200;14813;205;0
43177;2023.03.16 09:00;4;18,5;-200;-200;14813;205;0
43178;2023.03.16 09:15;4;18,375;-200;-200;14813;205;0
43179;2023.03.16 09:30;4;18,5;-200;-200;14813;205;0
43180;2023.03.16 09:45;4;18,5;-200;-200;14813;205;0
43181;2023.03.16 10:00;4;184,375;-200;-200;14813;205;0
43182;2023.03.16 10:15;4;18,5;-200;-200;14813;205;0
43183;2023.03.16 10:30;4;185,625;-200;-200;14813;205;0
43184;2023.03.16 10:45;4;18,625;-200;-200;14813;205;0
43185;2023.03.16 11:00;4;18,625;-200;-200;14813;205;0
43186;2023.03.16 11:15;4;188,125;-200;-200;14813;205;0
43187;2023.03.16 11:30;4;189,375;-200;-200;14813;205;0
43188;2023.03.16 11:45;4;19;-200;-200;14813;205;0
43189;2023.03.16 12:00;4;19;-200;-200;14812;205;0
43190;2023.03.16 12:15;4;19,125;-200;-200;14813;205;0
43191;2023.03.16 12:30;4;19,125;-200;-200;14813;205;0
43192;2023.03.16 12:45;4;196,875;-200;-200;14812;205;0
43193;2023.03.16 13:00;4;20;-200;-200;14813;205;0
43194;2023.03.16 13:15;4;204,375;-200;-200;14813;205;0
43195;2023.03.16 13:30;4;20,875;-200;-200;14812;205;0
43196;2023.03.16 13:45;4;21,25;-200;-200;14812;205;0
43197;2023.03.16 14:00;4;219,375;-200;-200;14811;205;0
43198;2023.03.16 14:15;4;216,875;-200;-200;14809;205;0
43199;2023.03.16 14:30;4;21,375;-200;-200;14809;205;0
43200;2023.03.16 14:45;4;21,5;-200;-200;14809;205;0
43201;2023.03.16 15:00;4;21;-200;-200;14809;205;0
43202;2023.03.16 15:15;4;20,375;-200;-200;14809;205;0
43203;2023.03.16 15:30;4;19,75;-200;-200;14809;205;0
43204;2023.03.16 15:45;4;19,125;-200;-200;14808;205;0
43205;2023.03.16 16:00;4;194,375;-200;-200;14808;205;0
43206;2023.03.16 16:15;4;19,875;-200;-200;14808;205;0
43207;2023.03.16 16:30;4;20,375;-200;-200;14808;205;0
43208;2023.03.16 16:45;4;21;-200;-200;14808;205;0
43209;2023.03.16 17:00;4;20,375;-200;-200;14809;205;0
43210;2023.03.16 17:15;4;204,375;-200;-200;14809;205;0
43211;2023.03.16 17:30;4;20,5;-200;-200;14809;205;0
43212;2023.03.16 17:45;4;20,5;-200;-200;14808;205;0
43213;2023.03.16 18:00;4;205,625;-200;-200;14809;205;0
43214;2023.03.16 18:15;4;208,125;-200;-200;14809;205;0
43215;2023.03.16 18:30;4;20,875;-200;-200;14808;205;0
43216;2023.03.16 18:45;4;21;-200;-200;14809;205;0
43217;2023.03.16 19:00;4;208,125;-200;-200;14808;205;0
43218;2023.03.16 19:15;4;20,875;-200;-200;14808;205;0
43219;2023.03.16 19:30;4;20,75;-200;-200;14809;205;0
43220;2023.03.16 19:45;4;21;-200;-200;14809;205;0
43221;2023.03.16 20:00;4;205,625;-200;-200;14809;205;0
43222;2023.03.16 20:15;4;200,625;-200;-200;14809;205;0
43223;2023.03.16 20:30;4;19,375;-200;-200;14808;205;0
43224;2023.03.16 20:45;4;19,25;-200;-200;14808;205;0
43225;2023.03.16 21:00;4;19;-200;-200;14809;205;0
43226;2023.03.16 21:15;4;188,125;-200;-200;14809;205;0
43227;2023.03.16 21:30;4;18,875;-200;-200;14810;205;0
43228;2023.03.16 21:45;4;18,875;-200;-200;14810;205;0
43229;2023.03.16 22:00;4;18,875;-200;-200;14809;205;0
43230;2023.03.16 22:15;4;189,375;-200;-200;14810;205;0
43231;2023.03.16 22:30;4;19;-200;-200;14810;205;0
43232;2023.03.16 22:45;4;19,125;-200;-200;14810;205;0
43233;2023.03.16 23:00;4;191,875;-200;-200;14810;205;0
43234;2023.03.16 23:15;4;18,625;-200;-200;14810;205;0
43235;2023.03.16 23:30;4;183,125;-200;-200;14810;205;0
43236;2023.03.16 23:45;4;183,125;-200;-200;14810;205;0
43237;2023.03.17 00:00;4;18,375;-200;-200;14810;205;0
43238;2023.03.17 00:15;4;18,5;-200;-200;14810;205;0
43239;2023.03.17 00:30;4;184,375;-200;-200;14810;205;0
43240;2023.03.17 00:45;4;18,375;-200;-200;14811;205;0
43241;2023.03.17 01:00;4;18,375;-200;-200;14811;205;0
43242;2023.03.17 01:15;4;183,125;-200;-200;14811;205;0
43243;2023.03.17 01:30;4;18,25;-200;-200;14811;205;0
43244;2023.03.17 01:45;4;18,375;-200;-200;14811;205;0
43245;2023.03.17 02:00;4;18,5;-200;-200;14811;205;0
43246;2023.03.17 02:15;4;18,375;-200;-200;14811;205;0
43247;2023.03.17 02:30;4;18,5;-200;-200;14811;205;0
43248;2023.03.17 02:45;4;18,375;-200;-200;14811;205;0
43249;2023.03.17 03:00;4;18,25;-200;-200;14811;205;0
43250;2023.03.17 03:15;4;18,25;-200;-200;14811;205;0
43251;2023.03.17 03:30;4;18,25;-200;-200;14811;205;0
43252;2023.03.17 03:45;4;18,125;-200;-200;14811;205;0
43253;2023.03.17 04:00;4;18;-200;-200;14811;205;0
43254;2023.03.17 04:15;4;18,125;-200;-200;14811;205;0
43255;2023.03.17 04:30;4;18,125;-200;-200;14811;205;0
43256;2023.03.17 04:45;4;18,25;-200;-200;14811;205;0
43257;2023.03.17 05:00;4;18,375;-200;-200;14811;205;0
43258;2023.03.17 05:15;4;184,375;-200;-200;14811;205;0
43259;2023.03.17 05:30;4;185,625;-200;-200;14811;205;0
43260;2023.03.17 05:45;4;185,625;-200;-200;14811;205;0
43261;2023.03.17 06:00;4;18,625;-200;-200;14811;205;0
43262;2023.03.17 06:15;4;188,125;-200;-200;14811;205;0
43263;2023.03.17 06:30;4;186,875;-200;-200;14811;205;0
43264;2023.03.17 06:45;4;18,75;-200;-200;14810;205;0
43265;2023.03.17 07:00;4;186,875;-200;-200;14810;205;0
43266;2023.03.17 07:15;4;18,625;-200;-200;14810;205;0
43267;2023.03.17 07:30;4;18,75;-200;-200;14810;205;0
43268;2023.03.17 07:45;4;19;-200;-200;14810;205;0
43269;2023.03.17 08:00;4;19;-200;-200;14810;205;0
43270;2023.03.17 08:15;4;189,375;-200;-200;14810;205;0
43271;2023.03.17 08:30;4;18,875;-200;-200;14810;205;0
43272;2023.03.17 08:45;4;188,125;-200;-200;14810;205;0
43273;2023.03.17 09:00;4;188,125;-200;-200;14810;205;0
43274;2023.03.17 09:15;4;18,75;-200;-200;14810;205;0
43275;2023.03.17 09:30;4;18,625;-200;-200;14810;205;0
43276;2023.03.17 09:45;4;186,875;-200;-200;14810;205;0
43277;2023.03.17 10:00;4;18,625;-200;-200;14810;205;0
43278;2023.03.17 10:15;4;18,5;-200;-200;14810;205;0
43279;2023.03.17 10:30;4;18,375;-200;-200;14810;205;0
43280;2023.03.17 10:45;4;183,125;-200;-200;14810;205;0
43281;2023.03.17 11:00;4;18,25;-200;-200;14810;205;0
43282;2023.03.17 11:15;4;18,25;-200;-200;14810;205;0
43283;2023.03.17 11:30;4;18,125;-200;-200;14810;205;0
43284;2023.03.17 11:45;4;18;-200;-200;14810;205;0
43285;2023.03.17 12:00;4;18;-200;-200;14810;205;0
43286;2023.03.17 12:15;4;18,125;-200;-200;14810;205;0
43287;2023.03.17 12:30;4;185,625;-200;-200;14810;205;0
43288;2023.03.17 12:45;4;189,375;-200;-200;14810;205;0
43289;2023.03.17 13:00;4;191,875;-200;-200;14810;205;0
43290;2023.03.17 13:15;4;19,75;-200;-200;14810;205;0
43291;2023.03.17 13:30;4;20,25;-200;-200;14810;205;0
43292;2023.03.17 13:45;4;20,25;-200;-200;14810;205;0
43293;2023.03.17 14:00;4;20,875;-200;-200;14811;205;0
43294;2023.03.17 14:15;4;21,375;-200;-200;14811;205;0
43295;2023.03.17 14:30;4;21;-200;-200;14811;205;0
43296;2023.03.17 14:45;4;21;-200;-200;14811;205;0
43297;2023.03.17 15:00;4;21;-200;-200;14811;205;0
43298;2023.03.17 15:15;4;216,875;-200;-200;14810;205;0
43299;2023.03.17 15:30;4;22,375;-200;-200;14809;205;0
43300;2023.03.17 15:45;4;22,25;-200;-200;14809;205;0
43301;2023.03.17 16:00;4;215,625;-200;-200;14809;205;0
43302;2023.03.17 16:15;4;210,625;-200;-200;14809;205;0
43303;2023.03.17 16:30;4;209,375;-200;-200;14809;205;0
43304;2023.03.17 16:45;4;210,625;-200;-200;14809;205;0
43305;2023.03.17 17:00;4;21,75;-200;-200;14809;205;0
43306;2023.03.17 17:15;4;21,875;-200;-200;14809;205;0
43307;2023.03.17 17:30;4;214,375;-200;-200;14809;205;0
43308;2023.03.17 17:45;4;21,5;-200;-200;14809;205;0
43309;2023.03.17 18:00;4;21,375;-200;-200;14810;205;0
43310;2023.03.17 18:15;4;21;-200;-200;14809;205;0
43311;2023.03.17 18:30;4;20,875;-200;-200;14809;205;0
43312;2023.03.17 18:45;4;20,875;-200;-200;14809;205;0
43313;2023.03.17 19:00;4;21,25;-200;-200;14809;205;0
43314;2023.03.17 19:15;4;20,875;-200;-200;14809;205;0
43315;2023.03.17 19:30;4;20,5;-200;-200;14809;205;0
43316;2023.03.17 19:45;4;20,25;-200;-200;14809;205;0
43317;2023.03.17 20:00;4;20,125;-200;-200;14809;205;0
43318;2023.03.17 20:15;4;20;-200;-200;14808;205;0
43319;2023.03.17 20:30;4;20;-200;-200;14808;205;0
43320;2023.03.17 20:45;4;19,875;-200;-200;14808;205;0
43321;2023.03.17 21:00;4;20;-200;-200;14808;205;0
43322;2023.03.17 21:15;4;20;-200;-200;14808;205;0
43323;2023.03.17 21:30;4;20;-200;-200;14808;205;0
43324;2023.03.17 21:45;4;20;-200;-200;14808;205;0
43325;2023.03.17 22:00;4;20,125;-200;-200;14809;205;0
43326;2023.03.17 22:15;4;201,875;-200;-200;14809;205;0
43327;2023.03.17 22:30;4;20,25;-200;-200;14809;205;0
43328;2023.03.17 22:45;4;203,125;-200;-200;14808;205;0
43329;2023.03.17 23:00;4;20,25;-200;-200;14809;205;0
43330;2023.03.17 23:15;4;20,125;-200;-200;14809;205;0
43331;2023.03.17 23:30;4;20;-200;-200;14809;205;0
43332;2023.03.17 23:45;4;19,875;-200;-200;14809;205;0
43333;2023.03.18 00:00;4;198,125;-200;-200;14809;205;0
43334;2023.03.18 00:15;4;19,5;-200;-200;14809;205;0
43335;2023.03.18 00:30;4;19,5;-200;-200;14810;205;0
43336;2023.03.18 00:45;4;19,5;-200;-200;14810;205;0
43337;2023.03.18 01:00;4;19,5;-200;-200;14810;205;0
43338;2023.03.18 01:15;4;19,375;-200;-200;14811;205;0
43339;2023.03.18 01:30;4;193,125;-200;-200;14811;205;0
43340;2023.03.18 01:45;4;193,125;-200;-200;14811;205;0
43341;2023.03.18 02:00;4;193,125;-200;-200;14811;205;0
43342;2023.03.18 02:15;4;19,25;-200;-200;14811;205;0
43343;2023.03.18 02:30;4;19,125;-200;-200;14811;205;0
43344;2023.03.18 02:45;4;190,625;-200;-200;14812;205;0
43345;2023.03.18 03:00;4;189,375;-200;-200;14812;205;0
43346;2023.03.18 03:15;4;18,75;-200;-200;14813;205;0
43347;2023.03.18 03:30;4;188,125;-200;-200;14812;205;0
43348;2023.03.18 03:45;4;188,125;-200;-200;14813;205;0
43349;2023.03.18 04:00;4;18,75;-200;-200;14813;205;0
43350;2023.03.18 04:15;4;18,625;-200;-200;14813;205;0
43351;2023.03.18 04:30;4;18,5;-200;-200;14812;205;0
43352;2023.03.18 04:45;4;18,5;-200;-200;14812;205;0
43353;2023.03.18 05:00;4;18,5;-200;-200;14813;205;0
43354;2023.03.18 05:15;4;184,375;-200;-200;14813;205;0
43355;2023.03.18 05:30;4;18,25;-200;-200;14813;205;0
43356;2023.03.18 05:45;4;18,375;-200;-200;14813;205;0
43357;2023.03.18 06:00;4;18,625;-200;-200;14813;205;0
43358;2023.03.18 06:15;4;18,625;-200;-200;14813;205;0
43359;2023.03.18 06:30;4;18,375;-200;-200;14813;205;0
43360;2023.03.18 06:45;4;18,375;-200;-200;14813;205;0
43361;2023.03.18 07:00;4;18,25;-200;-200;14812;205;0
43362;2023.03.18 07:15;4;18,25;-200;-200;14812;205;0
43363;2023.03.18 07:30;4;181,875;-200;-200;14811;205;0
43364;2023.03.18 07:45;4;180,625;-200;-200;14812;205;0
43365;2023.03.18 08:00;4;18;-200;-200;14812;205;0
43366;2023.03.18 08:15;4;18;-200;-200;14812;205;0
43367;2023.03.18 08:30;4;179,375;-200;-200;14811;205;0
43368;2023.03.18 08:45;4;178,125;-200;-200;14812;205;0
43369;2023.03.18 09:00;4;17,875;-200;-200;14812;205;0
43370;2023.03.18 09:15;4;18,25;-200;-200;14812;205;0
43371;2023.03.18 09:30;4;18,25;-200;-200;14812;205;0
43372;2023.03.18 09:45;4;18,25;-200;-200;14812;205;0
43373;2023.03.18 10:00;4;18,25;-200;-200;14812;205;0
43374;2023.03.18 10:15;4;18,375;-200;-200;14813;205;0
43375;2023.03.18 10:30;4;183,125;-200;-200;14812;205;0
43376;2023.03.18 10:45;4;18,25;-200;-200;14812;205;0
43377;2023.03.18 11:00;4;18,25;-200;-200;14812;205;0
43378;2023.03.18 11:15;4;18,25;-200;-200;14812;205;0
43379;2023.03.18 11:30;4;18,25;-200;-200;14813;205;0
43380;2023.03.18 11:45;4;18,25;-200;-200;14812;205;0
43381;2023.03.18 12:00;4;18,25;-200;-200;14812;205;0
43382;2023.03.18 12:15;4;18,375;-200;-200;14812;205;0
43383;2023.03.18 12:30;4;18,25;-200;-200;14813;205;0
43384;2023.03.18 12:45;4;18,25;-200;-200;14812;205;0
43385;2023.03.18 13:00;4;18,25;-200;-200;14812;205;0
43386;2023.03.18 13:15;4;17,875;-200;-200;14812;205;0
43387;2023.03.18 13:30;4;178,125;-200;-200;14812;205;0
43388;2023.03.18 13:45;4;17,875;-200;-200;14812;205;0
43389;2023.03.18 14:00;4;18,25;-200;-200;14813;205;0
43390;2023.03.18 14:15;4;19;-200;-200;14813;205;0
43391;2023.03.18 14:30;4;189,375;-200;-200;14813;205;0
43392;2023.03.18 14:45;4;19;-200;-200;14813;205;0
43393;2023.03.18 15:00;4;19,25;-200;-200;14813;205;0
43394;2023.03.18 15:15;4;205,625;-200;-200;14813;205;0
43395;2023.03.18 15:30;4;20,375;-200;-200;14812;205;0
43396;2023.03.18 15:45;4;20,875;-200;-200;14812;205;0
43397;2023.03.18 16:00;4;21;-200;-200;14812;205;0
43398;2023.03.18 16:15;4;20,875;-200;-200;14812;205;0
43399;2023.03.18 16:30;4;20,375;-200;-200;14812;205;0
43400;2023.03.18 16:45;4;204,375;-200;-200;14812;205;0
43401;2023.03.18 17:00;4;21;-200;-200;14812;205;0
43402;2023.03.18 17:15;4;21;-200;-200;14812;205;0
43403;2023.03.18 17:30;4;215,625;-200;-200;14813;205;0
43404;2023.03.18 17:45;4;21,5;-200;-200;14813;205;0
43405;2023.03.18 18:00;4;22;-200;-200;14814;205;0
43406;2023.03.18 18:15;4;221,875;-200;-200;14813;205;0
43407;2023.03.18 18:30;4;22;-200;-200;14813;205;0
43408;2023.03.18 18:45;4;22,25;-200;-200;14813;205;0
43409;2023.03.18 19:00;4;22,125;-200;-200;14811;205;0
43410;2023.03.18 19:15;4;22;-200;-200;14811;205;0
43411;2023.03.18 19:30;4;22,125;-200;-200;14811;205;0
43412;2023.03.18 19:45;4;22,25;-200;-200;14811;205;0
43413;2023.03.18 20:00;4;22,125;-200;-200;14810;205;0
43414;2023.03.18 20:15;4;223,125;-200;-200;14810;205;0
43415;2023.03.18 20:30;4;223,125;-200;-200;14809;205;0
43416;2023.03.18 20:45;4;22,375;-200;-200;14809;205;0
43417;2023.03.18 21:00;4;22,375;-200;-200;14809;205;0
43418;2023.03.18 21:15;4;21,875;-200;-200;14809;205;0
43419;2023.03.18 21:30;4;22;-200;-200;14809;205;0
43420;2023.03.18 21:45;4;213,125;-200;-200;14809;205;0
43421;2023.03.18 22:00;4;21;-200;-200;14809;205;0
43422;2023.03.18 22:15;4;211,875;-200;-200;14808;205;0
43423;2023.03.18 22:30;4;21;-200;-200;14808;205;0
43424;2023.03.18 22:45;4;20,875;-200;-200;14808;205;0
43425;2023.03.18 23:00;4;208,125;-200;-200;14808;205;0
43426;2023.03.18 23:15;4;206,875;-200;-200;14808;205;0
43427;2023.03.18 23:30;4;20,5;-200;-200;14808;205;0
43428;2023.03.18 23:45;4;20,125;-200;-200;14808;205;0
43429;2023.03.19 00:00;4;199,375;-200;-200;14809;205;0
43430;2023.03.19 00:15;4;19,875;-200;-200;14808;205;0
43431;2023.03.19 00:30;4;196,875;-200;-200;14809;205;0
43432;2023.03.19 00:45;4;196,875;-200;-200;14809;205;0
43433;2023.03.19 01:00;4;19,625;-200;-200;14810;205;0
43434;2023.03.19 01:15;4;19,5;-200;-200;14810;205;0
43435;2023.03.19 01:30;4;19,375;-200;-200;14809;205;0
43436;2023.03.19 01:45;4;19,375;-200;-200;14810;205;0
43437;2023.03.19 02:00;4;19,375;-200;-200;14810;205;0
43438;2023.03.19 02:15;4;19,375;-200;-200;14810;205;0
43439;2023.03.19 02:30;4;19,25;-200;-200;14810;205;0
43440;2023.03.19 02:45;4;19,125;-200;-200;14810;205;0
43441;2023.03.19 03:00;4;18,75;-200;-200;14810;205;0
43442;2023.03.19 03:15;4;18,75;-200;-200;14810;205;0
43443;2023.03.19 03:30;4;18,5;-200;-200;14810;205;0
43444;2023.03.19 03:45;4;18,375;-200;-200;14811;205;0
43445;2023.03.19 04:00;4;181,875;-200;-200;14810;205;0
43446;2023.03.19 04:15;4;18,125;-200;-200;14810;205;0
43447;2023.03.19 04:30;4;18,125;-200;-200;14810;205;0
43448;2023.03.19 04:45;4;17,875;-200;-200;14810;205;0
43449;2023.03.19 05:00;4;17,875;-200;-200;14810;205;0
43450;2023.03.19 05:15;4;183,125;-200;-200;14810;205;0
43451;2023.03.19 05:30;4;18,625;-200;-200;14810;205;0
43452;2023.03.19 05:45;4;191,875;-200;-200;14810;205;0
43453;2023.03.19 06:00;4;191,875;-200;-200;14810;205;0
43454;2023.03.19 06:15;4;19,25;-200;-200;14810;205;0
43455;2023.03.19 06:30;4;19,25;-200;-200;14810;205;0
43456;2023.03.19 06:45;4;19,25;-200;-200;14810;205;0
43457;2023.03.19 07:00;4;19,125;-200;-200;14810;205;0
43458;2023.03.19 07:15;4;19;-200;-200;14810;205;0
43459;2023.03.19 07:30;4;19,125;-200;-200;14810;205;0
43460;2023.03.19 07:45;4;19,25;-200;-200;14809;205;0
43461;2023.03.19 08:00;4;193,125;-200;-200;14809;205;0
43462;2023.03.19 08:15;4;190,625;-200;-200;14809;205;0
43463;2023.03.19 08:30;4;18,75;-200;-200;14809;205;0
43464;2023.03.19 08:45;4;18;-200;-200;14809;205;0
43465;2023.03.19 09:00;4;17,875;-200;-200;14809;205;0
43466;2023.03.19 09:15;4;17,75;-200;-200;14809;205;0
43467;2023.03.19 09:30;4;173,125;-200;-200;14809;205;0
43468;2023.03.19 09:45;4;17,125;-200;-200;14809;205;0
43469;2023.03.19 10:00;4;17,125;-200;-200;14809;205;0
43470;2023.03.19 10:15;4;17;-200;-200;14811;205;0
43471;2023.03.19 10:30;4;16,875;-200;-200;14811;205;0
43472;2023.03.19 10:45;4;16,75;-200;-200;14811;205;0
43473;2023.03.19 11:00;4;16,75;-200;-200;14813;205;0
43474;2023.03.19 11:15;4;16,625;-200;-200;14813;205;0
43475;2023.03.19 11:30;4;166,875;-200;-200;14813;205;0
43476;2023.03.19 11:45;4;16,875;-200;-200;14814;205;0
43477;2023.03.19 12:00;4;17,125;-200;-200;14813;205;0
43478;2023.03.19 12:15;4;17,375;-200;-200;14813;205;0
43479;2023.03.19 12:30;4;18,5;-200;-200;14813;205;0
43480;2023.03.19 12:45;4;19,375;-200;-200;14812;205;0
43481;2023.03.19 13:00;4;19,75;-200;-200;14812;205;0
43482;2023.03.19 13:15;4;19,625;-200;-200;14812;205;0
43483;2023.03.19 13:30;4;198,125;-200;-200;14812;205;0
43484;2023.03.19 13:45;4;19,75;-200;-200;14811;205;0
43485;2023.03.19 14:00;4;20,625;-200;-200;14812;205;0
43486;2023.03.19 14:15;4;203,125;-200;-200;14811;205;0
43487;2023.03.19 14:30;4;204,375;-200;-200;14811;205;0
43488;2023.03.19 14:45;4;19,5;-200;-200;14811;205;0
43489;2023.03.19 15:00;4;195,625;-200;-200;14811;205;0
43490;2023.03.19 15:15;4;201,875;-200;-200;14811;205;0
43491;2023.03.19 15:30;4;20,125;-200;-200;14811;205;0
43492;2023.03.19 15:45;4;200,625;-200;-200;14811;205;0
43493;2023.03.19 16:00;4;20,875;-200;-200;14811;205;0
43494;2023.03.19 16:15;4;206,875;-200;-200;14811;205;0
43495;2023.03.19 16:30;4;20,75;-200;-200;14811;205;0
43496;2023.03.19 16:45;4;20,875;-200;-200;14810;205;0
43497;2023.03.19 17:00;4;210,625;-200;-200;14810;205;0
43498;2023.03.19 17:15;4;210,625;-200;-200;14811;205;0
43499;2023.03.19 17:30;4;20,75;-200;-200;14811;205;0
43500;2023.03.19 17:45;4;20,625;-200;-200;14810;205;0
43501;2023.03.19 18:00;4;20,75;-200;-200;14810;205;0
43502;2023.03.19 18:15;4;20,75;-200;-200;14810;205;0
43503;2023.03.19 18:30;4;209,375;-200;-200;14810;205;0
43504;2023.03.19 18:45;4;20,75;-200;-200;14810;205;0
43505;2023.03.19 19:00;4;208,125;-200;-200;14809;205;0
43506;2023.03.19 19:15;4;20,75;-200;-200;14809;205;0
43507;2023.03.19 19:30;4;21,125;-200;-200;14809;205;0
43508;2023.03.19 19:45;4;209,375;-200;-200;14809;205;0
43509;2023.03.19 20:00;4;20,875;-200;-200;14809;205;0
43510;2023.03.19 20:15;4;20,75;-200;-200;14809;205;0
43511;2023.03.19 20:30;4;20,75;-200;-200;14809;205;0
43512;2023.03.19 20:45;4;20,875;-200;-200;14810;205;0
43513;2023.03.19 21:00;4;208,125;-200;-200;14810;205;0
43514;2023.03.19 21:15;4;211,875;-200;-200;14809;205;0
43515;2023.03.19 21:30;4;21;-200;-200;14809;205;0
43516;2023.03.19 21:45;4;21;-200;-200;14809;205;0
43517;2023.03.19 22:00;4;210,625;-200;-200;14809;205;0
43518;2023.03.19 22:15;4;20,875;-200;-200;14808;205;0
43519;2023.03.19 22:30;4;20,625;-200;-200;14808;205;0
43520;2023.03.19 22:45;4;204,375;-200;-200;14808;205;0
43521;2023.03.19 23:00;4;20,25;-200;-200;14808;205;0
43522;2023.03.19 23:15;4;20;-200;-200;14808;205;0
43523;2023.03.19 23:30;4;196,875;-200;-200;14808;205;0
43524;2023.03.19 23:45;4;19,5;-200;-200;14808;205;0
43525;2023.03.20 00:00;4;19,25;-200;-200;14808;205;0
43526;2023.03.20 00:15;4;19;-200;-200;14809;205;0
43527;2023.03.20 00:30;4;18,875;-200;-200;14809;205;0
43528;2023.03.20 00:45;4;18,75;-200;-200;14809;205;0
43529;2023.03.20 01:00;4;186,875;-200;-200;14809;205;0
43530;2023.03.20 01:15;4;18,625;-200;-200;14811;205;0
43531;2023.03.20 01:30;4;18,5;-200;-200;14811;205;0
43532;2023.03.20 01:45;4;18,5;-200;-200;14812;205;0
43533;2023.03.20 02:00;4;18,375;-200;-200;14812;205;0
43534;2023.03.20 02:15;4;18,375;-200;-200;14812;205;0
43535;2023.03.20 02:30;4;181,875;-200;-200;14812;205;0
43536;2023.03.20 02:45;4;18,125;-200;-200;14812;205;0
43537;2023.03.20 03:00;4;18,125;-200;-200;14811;205;0
43538;2023.03.20 03:15;4;18;-200;-200;14810;205;0
43539;2023.03.20 03:30;4;18;-200;-200;14811;205;0
43540;2023.03.20 03:45;4;179,375;-200;-200;14811;205;0
43541;2023.03.20 04:00;4;17,875;-200;-200;14811;205;0
43542;2023.03.20 04:15;4;17,875;-200;-200;14812;205;0
43543;2023.03.20 04:30;4;17,75;-200;-200;14811;205;0
43544;2023.03.20 04:45;4;17,75;-200;-200;14812;205;0
43545;2023.03.20 05:00;4;179,375;-200;-200;14811;205;0
43546;2023.03.20 05:15;4;18,125;-200;-200;14811;205;0
43547;2023.03.20 05:30;4;18,375;-200;-200;14810;205;0
43548;2023.03.20 05:45;4;18,875;-200;-200;14810;205;0
43549;2023.03.20 06:00;4;19;-200;-200;14811;205;0
43550;2023.03.20 06:15;4;19,125;-200;-200;14810;205;0
43551;2023.03.20 06:30;4;19,25;-200;-200;14810;205;0
43552;2023.03.20 06:45;4;194,375;-200;-200;14810;205;0
43553;2023.03.20 07:00;4;19,375;-200;-200;14809;205;0
43554;2023.03.20 07:15;4;191,875;-200;-200;14810;205;0
43555;2023.03.20 07:30;4;18,875;-200;-200;14809;205;0
43556;2023.03.20 07:45;4;18,625;-200;-200;14810;205;0
43557;2023.03.20 08:00;4;18,375;-200;-200;14809;205;0
43558;2023.03.20 08:15;4;18,5;-200;-200;14809;205;0
43559;2023.03.20 08:30;4;181,875;-200;-200;14809;205;0
43560;2023.03.20 08:45;4;18,125;-200;-200;14809;205;0
43561;2023.03.20 09:00;4;17,5;-200;-200;14809;205;0
43562;2023.03.20 09:15;4;169,375;-200;-200;14809;205;0
43563;2023.03.20 09:30;4;16,625;-200;-200;14809;205;0
43564;2023.03.20 09:45;4;16,5;-200;-200;14808;205;0
43565;2023.03.20 10:00;4;16,625;-200;-200;14808;205;0
43566;2023.03.20 10:15;4;16,625;-200;-200;14808;205;0
43567;2023.03.20 10:30;4;16,5;-200;-200;14809;205;0
43568;2023.03.20 10:45;4;164,375;-200;-200;14808;205;0
43569;2023.03.20 11:00;4;166,875;-200;-200;14808;205;0
43570;2023.03.20 11:15;4;171,875;-200;-200;14808;205;0
43571;2023.03.20 11:30;4;17,5;-200;-200;14808;205;0
43572;2023.03.20 11:45;4;17,375;-200;-200;14808;205;0
43573;2023.03.20 12:00;4;174,375;-200;-200;14808;205;0
43574;2023.03.20 12:15;4;178,125;-200;-200;14809;205;0
43575;2023.03.20 12:30;4;18,5;-200;-200;14808;205;0
43576;2023.03.20 12:45;4;18,75;-200;-200;14809;205;0
43577;2023.03.20 13:00;4;19;-200;-200;14809;205;0
43578;2023.03.20 13:15;4;19,375;-200;-200;14809;205;0
43579;2023.03.20 13:30;4;20;-200;-200;14808;205;0
43580;2023.03.20 13:45;4;20;-200;-200;14807;205;0
43581;2023.03.20 14:00;4;20,5;-200;-200;14804;205;0
43582;2023.03.20 14:15;4;20,125;-200;-200;14804;205;0
43583;2023.03.20 14:30;4;20,375;-200;-200;14804;205;0
43584;2023.03.20 14:45;4;20,25;-200;-200;14803;205;0
43585;2023.03.20 15:00;4;20,875;-200;-200;14803;205;0
43586;2023.03.20 15:15;4;21;-200;-200;14802;205;0
43587;2023.03.20 15:30;4;20,75;-200;-200;14802;205;0
43588;2023.03.20 15:45;4;20,625;-200;-200;14802;205;0
43589;2023.03.20 16:00;4;21,5;-200;-200;14800;205;0
43590;2023.03.20 16:15;4;21,5;-200;-200;14799;205;0
43591;2023.03.20 16:30;4;21,75;-200;-200;14798;205;0
43592;2023.03.20 16:45;4;218,125;-200;-200;14799;205;0
43593;2023.03.20 17:00;4;21,875;-200;-200;14799;205;0
43594;2023.03.20 17:15;4;21,5;-200;-200;14799;205;0
43595;2023.03.20 17:30;4;210,625;-200;-200;14799;205;0
43596;2023.03.20 17:45;4;209,375;-200;-200;14799;205;0
43597;2023.03.20 18:00;4;20,875;-200;-200;14798;205;0
43598;2023.03.20 18:15;4;21;-200;-200;14798;205;0
43599;2023.03.20 18:30;4;209,375;-200;-200;14800;205;0
43600;2023.03.20 18:45;4;21;-200;-200;14799;205;0
43601;2023.03.20 19:00;4;20,875;-200;-200;14799;205;0
43602;2023.03.20 19:15;4;209,375;-200;-200;14799;205;0
43603;2023.03.20 19:30;4;206,875;-200;-200;14799;205;0
43604;2023.03.20 19:45;4;20,875;-200;-200;14799;205;0
43605;2023.03.20 20:00;4;20,875;-200;-200;14799;205;0
43606;2023.03.20 20:15;4;21;-200;-200;14799;205;0
43607;2023.03.20 20:30;4;21;-200;-200;14799;205;0
43608;2023.03.20 20:45;4;21;-200;-200;14799;205;0
43609;2023.03.20 21:00;4;20,875;-200;-200;14799;205;0
43610;2023.03.20 21:15;4;20,875;-200;-200;14799;205;0
43611;2023.03.20 21:30;4;208,125;-200;-200;14799;205;0
43612;2023.03.20 21:45;4;20,75;-200;-200;14799;205;0
43613;2023.03.20 22:00;4;20,375;-200;-200;14799;205;0
43614;2023.03.20 22:15;4;20,25;-200;-200;14798;205;0
43615;2023.03.20 22:30;4;20,125;-200;-200;14799;205;0
43616;2023.03.20 22:45;4;19,875;-200;-200;14799;205;0
43617;2023.03.20 23:00;4;19,625;-200;-200;14799;205;0
43618;2023.03.20 23:15;4;194,375;-200;-200;14799;205;0
43619;2023.03.20 23:30;4;19,25;-200;-200;14800;205;0
43620;2023.03.20 23:45;4;18,875;-200;-200;14798;205;0
43621;2023.03.21 00:00;4;18,75;-200;-200;14799;205;0
43622;2023.03.21 00:15;4;18,625;-200;-200;14798;205;0
43623;2023.03.21 00:30;4;18,375;-200;-200;14798;205;0
43624;2023.03.21 00:45;4;18,125;-200;-200;14797;205;0
43625;2023.03.21 01:00;4;18,125;-200;-200;14797;205;0
43626;2023.03.21 01:15;4;179,375;-200;-200;14797;205;0
43627;2023.03.21 01:30;4;18;-200;-200;14798;205;0
43628;2023.03.21 01:45;4;18;-200;-200;14798;205;0
43629;2023.03.21 02:00;4;18;-200;-200;14798;205;0
43630;2023.03.21 02:15;4;178,125;-200;-200;14798;205;0
43631;2023.03.21 02:30;4;17,75;-200;-200;14800;205;0
43632;2023.03.21 02:45;4;17,625;-200;-200;14800;205;0
43633;2023.03.21 03:00;4;17,5;-200;-200;14800;205;0
43634;2023.03.21 03:15;4;174,375;-200;-200;14800;205;0
43635;2023.03.21 03:30;4;17,375;-200;-200;14800;205;0
43636;2023.03.21 03:45;4;17,375;-200;-200;14800;205;0
43637;2023.03.21 04:00;4;17,375;-200;-200;14800;205;0
43638;2023.03.21 04:15;4;17,25;-200;-200;14800;205;0
43639;2023.03.21 04:30;4;17,25;-200;-200;14801;205;0
43640;2023.03.21 04:45;4;17,375;-200;-200;14801;205;0
43641;2023.03.21 05:00;4;17,375;-200;-200;14801;205;0
43642;2023.03.21 05:15;4;17,25;-200;-200;14801;205;0
43643;2023.03.21 05:30;4;171,875;-200;-200;14801;205;0
43644;2023.03.21 05:45;4;17,125;-200;-200;14802;205;0
43645;2023.03.21 06:00;4;17,125;-200;-200;14802;205;0
43646;2023.03.21 06:15;4;17,125;-200;-200;14802;205;0
43647;2023.03.21 06:30;4;171,875;-200;-200;14802;205;0
43648;2023.03.21 06:45;4;17,25;-200;-200;14803;205;0
43649;2023.03.21 07:00;4;17,25;-200;-200;14802;205;0
43650;2023.03.21 07:15;4;17,125;-200;-200;14802;205;0
43651;2023.03.21 07:30;4;17;-200;-200;14802;205;0
43652;2023.03.21 07:45;4;17;-200;-200;14802;205;0
43653;2023.03.21 08:00;4;17;-200;-200;14802;205;0
43654;2023.03.21 08:15;4;17;-200;-200;14802;205;0
43655;2023.03.21 08:30;4;169,375;-200;-200;14802;205;0
43656;2023.03.21 08:45;4;17;-200;-200;14802;205;0
43657;2023.03.21 09:00;4;17,125;-200;-200;14803;205;0
43658;2023.03.21 09:15;4;17;-200;-200;14803;205;0
43659;2023.03.21 09:30;4;17;-200;-200;14803;205;0
43660;2023.03.21 09:45;4;170,625;-200;-200;14802;205;0
43661;2023.03.21 10:00;4;17,125;-200;-200;14803;205;0
43662;2023.03.21 10:15;4;17,125;-200;-200;14802;205;0
43663;2023.03.21 10:30;4;171,875;-200;-200;14803;205;0
43664;2023.03.21 10:45;4;17,25;-200;-200;14802;205;0
43665;2023.03.21 11:00;4;17,125;-200;-200;14803;205;0
43666;2023.03.21 11:15;4;171,875;-200;-200;14803;205;0
43667;2023.03.21 11:30;4;17,25;-200;-200;14803;205;0
43668;2023.03.21 11:45;4;171,875;-200;-200;14804;205;0
43669;2023.03.21 12:00;4;17,25;-200;-200;14801;205;0
43670;2023.03.21 12:15;4;173,125;-200;-200;14802;205;0
43671;2023.03.21 12:30;4;17,25;-200;-200;14802;205;0
43672;2023.03.21 12:45;4;171,875;-200;-200;14802;205;0
43673;2023.03.21 13:00;4;17,25;-200;-200;14802;205;0
43674;2023.03.21 13:15;4;17,25;-200;-200;14802;205;0
43675;2023.03.21 13:30;4;173,125;-200;-200;14800;205;0
43676;2023.03.21 13:45;4;17,375;-200;-200;14800;205;0
43677;2023.03.21 14:00;4;17,5;-200;-200;14800;205;0
43678;2023.03.21 14:15;4;17,625;-200;-200;14800;205;0
43679;2023.03.21 14:30;4;174,375;-200;-200;14800;205;0
43680;2023.03.21 14:45;4;17,75;-200;-200;14800;205;0
43681;2023.03.21 15:00;4;18,125;-200;-200;14800;205;0
43682;2023.03.21 15:15;4;180,625;-200;-200;14800;205;0
43683;2023.03.21 15:30;4;18,25;-200;-200;14801;205;0
43684;2023.03.21 15:45;4;188,125;-200;-200;14801;205;0
43685;2023.03.21 16:00;4;19,5;-200;-200;14803;205;0
43686;2023.03.21 16:15;4;19,625;-200;-200;14802;205;0
43687;2023.03.21 16:30;4;20,125;-200;-200;14804;205;0
43688;2023.03.21 16:45;4;20,5;-200;-200;14806;205;0
43689;2023.03.21 17:00;4;20,5;-200;-200;14805;205;0
43690;2023.03.21 17:15;4;20,875;-200;-200;14806;205;0
43691;2023.03.21 17:30;4;206,875;-200;-200;14805;205;0
43692;2023.03.21 17:45;4;19;-200;-200;14803;205;0
43693;2023.03.21 18:00;4;189,375;-200;-200;14803;205;0
43694;2023.03.21 18:15;4;18,625;-200;-200;14803;205;0
43695;2023.03.21 18:30;4;18,625;-200;-200;14803;205;0
43696;2023.03.21 18:45;4;18,5;-200;-200;14803;205;0
43697;2023.03.21 19:00;4;18,5;-200;-200;14803;205;0
43698;2023.03.21 19:15;4;18,75;-200;-200;14803;205;0
43699;2023.03.21 19:30;4;18,75;-200;-200;14803;205;0
43700;2023.03.21 19:45;4;19;-200;-200;14803;205;0
43701;2023.03.21 20:00;4;190,625;-200;-200;14803;205;0
43702;2023.03.21 20:15;4;193,125;-200;-200;14803;205;0
43703;2023.03.21 20:30;4;19,125;-200;-200;14803;205;0
43704;2023.03.21 20:45;4;195,625;-200;-200;14803;205;0
43705;2023.03.21 21:00;4;19;-200;-200;14803;205;0
43706;2023.03.21 21:15;4;19;-200;-200;14803;205;0
43707;2023.03.21 21:30;4;191,875;-200;-200;14803;205;0
43708;2023.03.21 21:45;4;18,875;-200;-200;14803;205;0
43709;2023.03.21 22:00;4;189,375;-200;-200;14803;205;0
43710;2023.03.21 22:15;4;18,75;-200;-200;14803;205;0
43711;2023.03.21 22:30;4;18,75;-200;-200;14803;205;0
43712;2023.03.21 22:45;4;18,75;-200;-200;14803;205;0
43713;2023.03.21 23:00;4;18,625;-200;-200;14803;205;0
43714;2023.03.21 23:15;4;18,375;-200;-200;14803;205;0
43715;2023.03.21 23:30;4;18,25;-200;-200;14803;205;0
43716;2023.03.21 23:45;4;18;-200;-200;14804;205;0
43717;2023.03.22 00:00;4;17,875;-200;-200;14804;205;0
43718;2023.03.22 00:15;4;176,875;-200;-200;14804;205;0
43719;2023.03.22 00:30;4;17,625;-200;-200;14805;205;0
43720;2023.03.22 00:45;4;174,375;-200;-200;14804;205;0
43721;2023.03.22 01:00;4;17,375;-200;-200;14804;205;0
43722;2023.03.22 01:15;4;17,25;-200;-200;14805;205;0
43723;2023.03.22 01:30;4;17,125;-200;-200;14805;205;0
43724;2023.03.22 01:45;4;170,625;-200;-200;14805;205;0
43725;2023.03.22 02:00;4;170,625;-200;-200;14805;205;0
43726;2023.03.22 02:15;4;170,625;-200;-200;14805;205;0
43727;2023.03.22 02:30;4;170,625;-200;-200;14806;205;0
43728;2023.03.22 02:45;4;17;-200;-200;14806;205;0
43729;2023.03.22 03:00;4;170,625;-200;-200;14806;205;0
43730;2023.03.22 03:15;4;17,125;-200;-200;14806;205;0
43731;2023.03.22 03:30;4;17,125;-200;-200;14806;205;0
43732;2023.03.22 03:45;4;17,125;-200;-200;14806;205;0
43733;2023.03.22 04:00;4;171,875;-200;-200;14806;205;0
43734;2023.03.22 04:15;4;171,875;-200;-200;14807;205;0
43735;2023.03.22 04:30;4;17,25;-200;-200;14806;205;0
43736;2023.03.22 04:45;4;17,25;-200;-200;14806;205;0
43737;2023.03.22 05:00;4;17,25;-200;-200;14807;205;0
43738;2023.03.22 05:15;4;171,875;-200;-200;14806;205;0
43739;2023.03.22 05:30;4;17,125;-200;-200;14807;205;0
43740;2023.03.22 05:45;4;171,875;-200;-200;14807;205;0
43741;2023.03.22 06:00;4;173,125;-200;-200;14807;205;0
43742;2023.03.22 06:15;4;17,375;-200;-200;14806;205;0
43743;2023.03.22 06:30;4;173,125;-200;-200;14807;205;0
43744;2023.03.22 06:45;4;17,25;-200;-200;14807;205;0
43745;2023.03.22 07:00;4;173,125;-200;-200;14807;205;0
43746;2023.03.22 07:15;4;17,25;-200;-200;14807;205;0
43747;2023.03.22 07:30;4;171,875;-200;-200;14807;205;0
43748;2023.03.22 07:45;4;17,125;-200;-200;14807;205;0
43749;2023.03.22 08:00;4;17,125;-200;-200;14807;205;0
43750;2023.03.22 08:15;4;17,125;-200;-200;14807;205;0
43751;2023.03.22 08:30;4;16,875;-200;-200;14807;205;0
43752;2023.03.22 08:45;4;16,75;-200;-200;14808;205;0
43753;2023.03.22 09:00;4;16,75;-200;-200;14808;205;0
43754;2023.03.22 09:15;4;16,5;-200;-200;14802;205;0
43755;2023.03.22 09:30;4;161,875;-200;-200;14801;205;0
43756;2023.03.22 09:45;4;159,375;-200;-200;14807;205;0
43757;2023.03.22 10:00;4;15,75;-200;-200;14807;205;0
43758;2023.03.22 10:15;4;156,875;-200;-200;14810;205;0
43759;2023.03.22 10:30;4;15,625;-200;-200;14812;205;0
43760;2023.03.22 10:45;4;15,625;-200;-200;14813;205;0
43761;2023.03.22 11:00;4;15,75;-200;-200;14812;205;0
43762;2023.03.22 11:15;4;15,875;-200;-200;14813;205;0
43763;2023.03.22 11:30;4;15,875;-200;-200;14813;205;0
43764;2023.03.22 11:45;4;16;-200;-200;14812;205;0
43765;2023.03.22 12:00;4;16;-200;-200;14813;205;0
43766;2023.03.22 12:15;4;16;-200;-200;14813;205;0
43767;2023.03.22 12:30;4;16;-200;-200;14812;205;0
43768;2023.03.22 12:45;4;16;-200;-200;14813;205;0
43769;2023.03.22 13:00;4;159,375;-200;-200;14812;205;0
43770;2023.03.22 13:15;4;16,125;-200;-200;14812;205;0
43771;2023.03.22 13:30;4;16,25;-200;-200;14812;205;0
43772;2023.03.22 13:45;4;16,25;-200;-200;14812;205;0
43773;2023.03.22 14:00;4;16,625;-200;-200;14812;205;0
43774;2023.03.22 14:15;4;16,875;-200;-200;14813;205;0
43775;2023.03.22 14:30;4;165,625;-200;-200;14813;205;0
43776;2023.03.22 14:45;4;16,875;-200;-200;14812;205;0
43777;2023.03.22 15:00;4;17,375;-200;-200;14812;205;0
43778;2023.03.22 15:15;4;175,625;-200;-200;14812;205;0
43779;2023.03.22 15:30;4;17,5;-200;-200;14811;205;0
43780;2023.03.22 15:45;4;16,875;-200;-200;14811;205;0
43781;2023.03.22 16:00;4;16,875;-200;-200;14811;205;0
43782;2023.03.22 16:15;4;16,75;-200;-200;14811;205;0
43783;2023.03.22 16:30;4;16,75;-200;-200;14811;205;0
43784;2023.03.22 16:45;4;17,125;-200;-200;14811;205;0
43785;2023.03.22 17:00;4;17,5;-200;-200;14811;205;0
43786;2023.03.22 17:15;4;17,5;-200;-200;14811;205;0
43787;2023.03.22 17:30;4;18,125;-200;-200;14811;205;0
43788;2023.03.22 17:45;4;17,75;-200;-200;14812;205;0
43789;2023.03.22 18:00;4;173,125;-200;-200;14810;205;0
43790;2023.03.22 18:15;4;17,375;-200;-200;14810;205;0
43791;2023.03.22 18:30;4;18,125;-200;-200;14810;205;0
43792;2023.03.22 18:45;4;174,375;-200;-200;14811;205;0
43793;2023.03.22 19:00;4;17,875;-200;-200;14811;205;0
43794;2023.03.22 19:15;4;180,625;-200;-200;14811;205;0
43795;2023.03.22 19:30;4;17,875;-200;-200;14811;205;0
43796;2023.03.22 19:45;4;17,125;-200;-200;14811;205;0
43797;2023.03.22 20:00;4;17,25;-200;-200;14811;205;0
43798;2023.03.22 20:15;4;170,625;-200;-200;14811;205;0
43799;2023.03.22 20:30;4;170,625;-200;-200;14811;205;0
43800;2023.03.22 20:45;4;17,25;-200;-200;14811;205;0
43801;2023.03.22 21:00;4;17,625;-200;-200;14811;205;0
43802;2023.03.22 21:15;4;17,75;-200;-200;14811;205;0
43803;2023.03.22 21:30;4;181,875;-200;-200;14811;205;0
43804;2023.03.22 21:45;4;18,5;-200;-200;14812;205;0
43805;2023.03.22 22:00;4;18,625;-200;-200;14813;205;0
43806;2023.03.22 22:15;4;18,625;-200;-200;14813;205;0
43807;2023.03.22 22:30;4;18,5;-200;-200;14814;205;0
43808;2023.03.22 22:45;4;18,5;-200;-200;14814;205;0
43809;2023.03.22 23:00;4;18,375;-200;-200;14814;205;0
43810;2023.03.22 23:15;4;18,25;-200;-200;14814;205;0
43811;2023.03.22 23:30;4;180,625;-200;-200;14814;205;0
43812;2023.03.22 23:45;4;17,875;-200;-200;14813;205;0
43813;2023.03.23 00:00;4;174,375;-200;-200;14813;205;0
43814;2023.03.23 00:15;4;17,125;-200;-200;14813;205;0
43815;2023.03.23 00:30;4;170,625;-200;-200;14813;205;0
43816;2023.03.23 00:45;4;17,125;-200;-200;14813;205;0
43817;2023.03.23 01:00;4;17,125;-200;-200;14813;205;0
43818;2023.03.23 01:15;4;17;-200;-200;14812;205;0
43819;2023.03.23 01:30;4;17,125;-200;-200;14812;205;0
43820;2023.03.23 01:45;4;17;-200;-200;14812;205;0
43821;2023.03.23 02:00;4;17;-200;-200;14812;205;0
43822;2023.03.23 02:15;4;17,125;-200;-200;14812;205;0
43823;2023.03.23 02:30;4;17,25;-200;-200;14812;205;0
43824;2023.03.23 02:45;4;17;-200;-200;14812;205;0
43825;2023.03.23 03:00;4;17;-200;-200;14811;205;0
43826;2023.03.23 03:15;4;17;-200;-200;14812;205;0
43827;2023.03.23 03:30;4;16,625;-200;-200;14812;205;0
43828;2023.03.23 03:45;4;16,75;-200;-200;14812;205;0
43829;2023.03.23 04:00;4;16,75;-200;-200;14812;205;0
43830;2023.03.23 04:15;4;16,625;-200;-200;14812;205;0
43831;2023.03.23 04:30;4;16,5;-200;-200;14812;205;0
43832;2023.03.23 04:45;4;16,5;-200;-200;14812;205;0
43833;2023.03.23 05:00;4;16,5;-200;-200;14812;205;0
43834;2023.03.23 05:15;4;16,375;-200;-200;14813;205;0
43835;2023.03.23 05:30;4;16,25;-200;-200;14813;205;0
43836;2023.03.23 05:45;4;16,125;-200;-200;14813;205;0
43837;2023.03.23 06:00;4;16,25;-200;-200;14814;205;0
43838;2023.03.23 06:15;4;16,375;-200;-200;14814;205;0
43839;2023.03.23 06:30;4;15,875;-200;-200;14814;205;0
43840;2023.03.23 06:45;4;15,75;-200;-200;14814;205;0
43841;2023.03.23 07:00;4;15,75;-200;-200;14813;205;0
43842;2023.03.23 07:15;4;16;-200;-200;14813;205;0
43843;2023.03.23 07:30;4;16,125;-200;-200;14813;205;0
43844;2023.03.23 07:45;4;160,625;-200;-200;14813;205;0
43845;2023.03.23 08:00;4;160,625;-200;-200;14813;205;0
43846;2023.03.23 08:15;4;16;-200;-200;14813;205;0
43847;2023.03.23 08:30;4;16;-200;-200;14813;205;0
43848;2023.03.23 08:45;4;15,875;-200;-200;14813;205;0
43849;2023.03.23 09:00;4;15,875;-200;-200;14813;205;0
43850;2023.03.23 09:15;4;15,875;-200;-200;14813;205;0
43851;2023.03.23 09:30;4;15,75;-200;-200;14813;205;0
43852;2023.03.23 09:45;4;156,875;-200;-200;14813;205;0
43853;2023.03.23 10:00;4;156,875;-200;-200;14813;205;0
43854;2023.03.23 10:15;4;15,75;-200;-200;14813;205;0
43855;2023.03.23 10:30;4;15,875;-200;-200;14813;205;0
43856;2023.03.23 10:45;4;15,875;-200;-200;14813;205;0
43857;2023.03.23 11:00;4;15,875;-200;-200;14813;205;0
43858;2023.03.23 11:15;4;15,875;-200;-200;14813;205;0
43859;2023.03.23 11:30;4;15,875;-200;-200;14813;205;0
43860;2023.03.23 11:45;4;16;-200;-200;14813;205;0
43861;2023.03.23 12:00;4;16;-200;-200;14813;205;0
43862;2023.03.23 12:15;4;16;-200;-200;14813;205;0
43863;2023.03.23 12:30;4;16;-200;-200;14813;205;0
43864;2023.03.23 12:45;4;16;-200;-200;14813;205;0
43865;2023.03.23 13:00;4;159,375;-200;-200;14813;205;0
43866;2023.03.23 13:15;4;16,125;-200;-200;14813;205;0
43867;2023.03.23 13:30;4;163,125;-200;-200;14813;205;0
43868;2023.03.23 13:45;4;170,625;-200;-200;14813;205;0
43869;2023.03.23 14:00;4;17,375;-200;-200;14813;205;0
43870;2023.03.23 14:15;4;17,5;-200;-200;14814;205;0
43871;2023.03.23 14:30;4;17,75;-200;-200;14813;205;0
43872;2023.03.23 14:45;4;17,125;-200;-200;14814;205;0
43873;2023.03.23 15:00;4;17,625;-200;-200;14813;205;0
43874;2023.03.23 15:15;4;17,875;-200;-200;14813;205;0
43875;2023.03.23 15:30;4;181,875;-200;-200;14814;205;0
43876;2023.03.23 15:45;4;18,625;-200;-200;14815;205;0
43877;2023.03.23 16:00;4;18,875;-200;-200;14815;205;0
43878;2023.03.23 16:15;4;191,875;-200;-200;14815;205;0
43879;2023.03.23 16:30;4;19,125;-200;-200;14812;205;0
43880;2023.03.23 16:45;4;196,875;-200;-200;14813;205;0
43881;2023.03.23 17:00;4;20;-200;-200;14812;205;0
43882;2023.03.23 17:15;4;20;-200;-200;14811;205;0
43883;2023.03.23 17:30;4;20;-200;-200;14810;205;0
43884;2023.03.23 17:45;4;19,5;-200;-200;14810;205;0
43885;2023.03.23 18:00;4;19,375;-200;-200;14810;205;0
43886;2023.03.23 18:15;4;19,375;-200;-200;14809;205;0
43887;2023.03.23 18:30;4;19,5;-200;-200;14810;205;0
43888;2023.03.23 18:45;4;19,75;-200;-200;14808;205;0
43889;2023.03.23 19:00;4;19,625;-200;-200;14807;205;0
43890;2023.03.23 19:15;4;19,625;-200;-200;14806;205;0
43891;2023.03.23 19:30;4;19,875;-200;-200;14805;205;0
43892;2023.03.23 19:45;4;200,625;-200;-200;14806;205;0
43893;2023.03.23 20:00;4;199,375;-200;-200;14802;205;0
43894;2023.03.23 20:15;4;20,125;-200;-200;14802;205;0
43895;2023.03.23 20:30;4;20,125;-200;-200;14802;205;0
43896;2023.03.23 20:45;4;20,125;-200;-200;14804;205;0
43897;2023.03.23 21:00;4;201,875;-200;-200;14804;205;0
43898;2023.03.23 21:15;4;20;-200;-200;14803;205;0
43899;2023.03.23 21:30;4;20;-200;-200;14803;205;0
43900;2023.03.23 21:45;4;199,375;-200;-200;14803;205;0
43901;2023.03.23 22:00;4;19,625;-200;-200;14803;205;0
43902;2023.03.23 22:15;4;194,375;-200;-200;14803;205;0
43903;2023.03.23 22:30;4;19,375;-200;-200;14803;205;0
43904;2023.03.23 22:45;4;19,25;-200;-200;14803;205;0
43905;2023.03.23 23:00;4;19;-200;-200;14803;205;0
43906;2023.03.23 23:15;4;18,625;-200;-200;14802;205;0
43907;2023.03.23 23:30;4;184,375;-200;-200;14802;205;0
43908;2023.03.23 23:45;4;18,125;-200;-200;14802;205;0
43909;2023.03.24 00:00;4;178,125;-200;-200;14802;205;0
43910;2023.03.24 00:15;4;17,5;-200;-200;14801;205;0
43911;2023.03.24 00:30;4;17,375;-200;-200;14802;205;0
43912;2023.03.24 00:45;4;17,25;-200;-200;14801;205;0
43913;2023.03.24 01:00;4;171,875;-200;-200;14801;205;0
43914;2023.03.24 01:15;4;170,625;-200;-200;14802;205;0
43915;2023.03.24 01:30;4;169,375;-200;-200;14802;205;0
43916;2023.03.24 01:45;4;16,875;-200;-200;14802;205;0
43917;2023.03.24 02:00;4;16,75;-200;-200;14801;205;0
43918;2023.03.24 02:15;4;16,625;-200;-200;14801;205;0
43919;2023.03.24 02:30;4;164,375;-200;-200;14801;205;0
43920;2023.03.24 02:45;4;16,375;-200;-200;14801;205;0
43921;2023.03.24 03:00;4;16,375;-200;-200;14800;205;0
43922;2023.03.24 03:15;4;16,375;-200;-200;14800;205;0
43923;2023.03.24 03:30;4;16,375;-200;-200;14800;205;0
43924;2023.03.24 03:45;4;16,375;-200;-200;14801;205;0
43925;2023.03.24 04:00;4;16,25;-200;-200;14801;205;0
43926;2023.03.24 04:15;4;16,125;-200;-200;14801;205;0
43927;2023.03.24 04:30;4;160,625;-200;-200;14801;205;0
43928;2023.03.24 04:45;4;159,375;-200;-200;14800;205;0
43929;2023.03.24 05:00;4;15,875;-200;-200;14801;205;0
43930;2023.03.24 05:15;4;15,875;-200;-200;14802;205;0
43931;2023.03.24 05:30;4;15,875;-200;-200;14801;205;0
43932;2023.03.24 05:45;4;159,375;-200;-200;14801;205;0
43933;2023.03.24 06:00;4;16;-200;-200;14801;205;0
43934;2023.03.24 06:15;4;160,625;-200;-200;14802;205;0
43935;2023.03.24 06:30;4;160,625;-200;-200;14801;205;0
43936;2023.03.24 06:45;4;16,25;-200;-200;14801;205;0
43937;2023.03.24 07:00;4;163,125;-200;-200;14801;205;0
43938;2023.03.24 07:15;4;16,375;-200;-200;14801;205;0
43939;2023.03.24 07:30;4;16,375;-200;-200;14801;205;0
43940;2023.03.24 07:45;4;16,375;-200;-200;14801;205;0
43941;2023.03.24 08:00;4;16,25;-200;-200;14801;205;0
43942;2023.03.24 08:15;4;16,25;-200;-200;14802;205;0
43943;2023.03.24 08:30;4;16,5;-200;-200;14802;205;0
43944;2023.03.24 08:45;4;16,5;-200;-200;14802;205;0
43945;2023.03.24 09:00;4;16,5;-200;-200;14802;205;0
43946;2023.03.24 09:15;4;16,5;-200;-200;14802;205;0
43947;2023.03.24 09:30;4;16,375;-200;-200;14802;205;0
43948;2023.03.24 09:45;4;16,5;-200;-200;14802;205;0
43949;2023.03.24 10:00;4;165,625;-200;-200;14802;205;0
43950;2023.03.24 10:15;4;165,625;-200;-200;14802;205;0
43951;2023.03.24 10:30;4;16,625;-200;-200;14802;205;0
43952;2023.03.24 10:45;4;166,875;-200;-200;14802;205;0
43953;2023.03.24 11:00;4;16,75;-200;-200;14802;205;0
43954;2023.03.24 11:15;4;166,875;-200;-200;14802;205;0
43955;2023.03.24 11:30;4;16,625;-200;-200;14802;205;0
43956;2023.03.24 11:45;4;16,75;-200;-200;14802;205;0
43957;2023.03.24 12:00;4;16,75;-200;-200;14802;205;0
43958;2023.03.24 12:15;4;16,875;-200;-200;14802;205;0
43959;2023.03.24 12:30;4;176,875;-200;-200;14802;205;0
43960;2023.03.24 12:45;4;180,625;-200;-200;14803;205;0
43961;2023.03.24 13:00;4;18,25;-200;-200;14803;205;0
43962;2023.03.24 13:15;4;18,5;-200;-200;14803;205;0
43963;2023.03.24 13:30;4;18,75;-200;-200;14806;205;0
43964;2023.03.24 13:45;4;188,125;-200;-200;14806;205;0
43965;2023.03.24 14:00;4;19,125;-200;-200;14806;205;0
43966;2023.03.24 14:15;4;19,375;-200;-200;14804;205;0
43967;2023.03.24 14:30;4;19,75;-200;-200;14804;205;0
43968;2023.03.24 14:45;4;20;-200;-200;14801;205;0
43969;2023.03.24 15:00;4;200,625;-200;-200;14800;205;0
43970;2023.03.24 15:15;4;20,625;-200;-200;14800;205;0
43971;2023.03.24 15:30;4;20,75;-200;-200;14798;205;0
