1;2022.10.19 18:45;-28;22,75;-200;-200;26038;205;0;
2;2022.10.19 19:00;-28;22;-200;-200;26038;205;0;
3;2022.10.19 19:15;-28;22;-200;-200;26038;205;0;
4;2022.10.19 19:30;-28;22;-200;-200;26039;205;0;
5;2022.10.19 19:45;-28;21,875;-200;-200;26038;205;0;
6;2022.10.19 20:00;-28;21,625;-200;-200;26038;205;0;
7;2022.10.19 20:15;-28;21;-200;-200;26039;205;0;
8;2022.10.19 20:30;-28;20,375;-200;-200;26038;205;0;
9;2022.10.19 20:45;-28;20;-200;-200;26038;205;0;
10;2022.10.19 21:00;-28;19,8125;-200;-200;26038;205;0;
11;2022.10.19 21:15;-28;19,75;-200;-200;26038;205;0;
12;2022.10.19 21:30;-28;19,75;-200;-200;26038;205;0;
13;2022.10.19 21:45;-28;19,625;-200;-200;26038;205;0;
14;2022.10.19 22:00;-28;19,75;-200;-200;26038;205;0;
15;2022.10.19 22:15;-28;19,8125;-200;-200;26038;205;0;
16;2022.10.19 22:30;-28;19,375;-200;-200;26038;205;0;
17;2022.10.19 22:45;-28;19;-200;-200;26038;205;0;
18;2022.10.19 23:00;-28;18,75;-200;-200;26038;205;0;
19;2022.10.19 23:15;-28;18,5625;-200;-200;26038;205;0;
20;2022.10.19 23:30;-28;18,4375;-200;-200;26038;205;0;
21;2022.10.19 23:45;-28;18,375;-200;-200;26038;205;0;
22;2022.10.20 00:00;0;18,1875;-200;-200;26038;205;0;
23;2022.10.20 00:15;0;18;-200;-200;26038;205;0;
24;2022.10.20 00:30;0;17,75;-200;-200;26039;205;0;
25;2022.10.20 00:45;0;17,625;-200;-200;26039;205;0;
26;2022.10.20 01:00;0;17,5;-200;-200;26039;205;0;
27;2022.10.20 01:15;0;17,375;-200;-200;26040;205;0;
28;2022.10.20 01:30;0;17,25;-200;-200;26040;205;0;
29;2022.10.20 01:45;0;17,25;-200;-200;26040;205;0;
30;2022.10.20 02:00;0;17,125;-200;-200;26040;205;0;
31;2022.10.20 02:15;0;17;-200;-200;26040;205;0;
32;2022.10.20 02:30;0;17;-200;-200;26040;205;0;
33;2022.10.20 02:45;0;17;-200;-200;26040;205;0;
34;2022.10.20 03:00;0;16,9375;-200;-200;26040;205;0;
35;2022.10.20 03:15;0;16,875;-200;-200;26040;205;0;
36;2022.10.20 03:30;0;16,875;-200;-200;26040;205;0;
37;2022.10.20 03:45;0;16,8125;-200;-200;26041;205;0;
38;2022.10.20 04:00;0;16,75;-200;-200;26041;205;0;
39;2022.10.20 04:15;0;16,75;-200;-200;26041;205;0;
40;2022.10.20 04:30;0;16,75;-200;-200;26041;205;0;
41;2022.10.20 04:45;0;16,75;-200;-200;26041;205;0;
42;2022.10.20 05:00;0;16,6875;-200;-200;26041;205;0;
43;2022.10.20 05:15;0;16,625;-200;-200;26041;205;0;
44;2022.10.20 05:30;0;16,625;-200;-200;26041;205;0;
45;2022.10.20 05:45;0;16,5;-200;-200;26041;205;0;
46;2022.10.20 06:00;0;16,5;-200;-200;26041;205;0;
47;2022.10.20 06:15;0;16,375;-200;-200;26041;205;0;
48;2022.10.20 06:30;0;16,375;-200;-200;26041;205;0;
49;2022.10.20 06:45;0;16,375;-200;-200;26041;205;0;
50;2022.10.20 07:00;0;16,375;-200;-200;26041;205;0;
51;2022.10.20 07:15;0;16,375;-200;-200;26041;205;0;
52;2022.10.20 07:30;0;16,375;-200;-200;26041;205;0;
53;2022.10.20 07:45;0;16,375;-200;-200;26042;205;0;
54;2022.10.20 08:00;0;16,375;-200;-200;26042;205;0;
55;2022.10.20 08:15;0;16,3125;-200;-200;26042;205;0;
56;2022.10.20 08:30;0;16,25;-200;-200;26042;205;0;
57;2022.10.20 08:45;0;16,25;-200;-200;26042;205;0;
58;2022.10.20 09:00;0;16,1875;-200;-200;26042;205;0;
59;2022.10.20 09:15;0;16,125;-200;-200;26042;205;0;
60;2022.10.20 09:30;0;16,125;-200;-200;26042;205;0;
61;2022.10.20 09:45;0;16,0625;-200;-200;26042;205;0;
62;2022.10.20 10:00;0;16;-200;-200;26042;205;0;
63;2022.10.20 10:15;0;16;-200;-200;26042;205;0;
64;2022.10.20 10:30;0;16,0625;-200;-200;26042;205;0;
65;2022.10.20 10:45;0;16,125;-200;-200;26042;205;0;
66;2022.10.20 11:00;0;16,125;-200;-200;26042;205;0;
67;2022.10.20 11:15;0;16,125;-200;-200;26042;205;0;
68;2022.10.20 11:30;0;16,125;-200;-200;26042;205;0;
69;2022.10.20 11:45;0;16,1875;-200;-200;26042;205;0;
70;2022.10.20 12:00;0;16,25;-200;-200;26042;205;0;
71;2022.10.20 12:15;0;16,5;-200;-200;26042;205;0;
72;2022.10.20 12:30;0;16,6875;-200;-200;26042;205;0;
73;2022.10.20 12:45;0;17;-200;-200;26042;205;0;
74;2022.10.20 13:00;0;17,3125;-200;-200;26042;205;0;
75;2022.10.20 13:15;0;17,875;-200;-200;26042;205;0;
76;2022.10.20 13:30;0;18,375;-200;-200;26041;205;0;
77;2022.10.20 13:45;0;18,875;-200;-200;26041;205;0;
78;2022.10.20 14:00;0;19,375;-200;-200;26040;205;0;
79;2022.10.20 14:15;0;19,875;-200;-200;26041;205;0;
80;2022.10.20 14:30;0;20,125;-200;-200;26041;205;0;
81;2022.10.20 14:45;0;20,375;-200;-200;26041;205;0;
82;2022.10.20 15:00;0;20,75;-200;-200;26041;205;0;
83;2022.10.20 15:15;0;21;-200;-200;26041;205;0;
84;2022.10.20 15:30;0;21,125;-200;-200;26041;205;0;
85;2022.10.20 15:45;0;21,0625;-200;-200;26041;205;0;
86;2022.10.20 16:00;0;20,8125;-200;-200;26041;205;0;
87;2022.10.20 16:15;0;21,5;-200;-200;26041;205;0;
88;2022.10.20 16:30;0;21,875;-200;-200;26041;205;0;
89;2022.10.20 16:45;0;22,125;-200;-200;26041;205;0;
90;2022.10.20 17:00;0;21,75;-200;-200;26041;205;0;
91;2022.10.20 17:15;0;21,4375;-200;-200;26041;205;0;
92;2022.10.20 17:30;0;21,625;-200;-200;26041;205;0;
93;2022.10.20 17:45;0;21,1875;-200;-200;26041;205;0;
94;2022.10.20 18:00;0;21,3125;-200;-200;26041;205;0;
95;2022.10.20 18:15;0;21,5;-200;-200;26041;205;0;
96;2022.10.20 18:30;0;21,25;-200;-200;26041;205;0;
97;2022.10.20 18:45;0;20,9375;-200;-200;26041;205;0;
98;2022.10.20 19:00;0;21,0625;-200;-200;26041;205;0;
99;2022.10.20 19:15;0;20,75;-200;-200;26041;205;0;
100;2022.10.20 19:30;0;20,5625;-200;-200;26041;205;0;
101;2022.10.20 19:45;0;20,625;-200;-200;26041;205;0;
102;2022.10.20 20:00;0;21;-200;-200;26041;205;0;
103;2022.10.20 20:15;0;21,375;-200;-200;26041;205;0;
104;2022.10.20 20:30;0;20,875;-200;-200;26041;205;0;
105;2022.10.20 20:45;0;20,25;-200;-200;26041;205;0;
106;2022.10.20 21:00;0;19,875;-200;-200;26041;205;0;
107;2022.10.20 21:15;0;19,5;-200;-200;26042;205;0;
108;2022.10.20 21:30;0;19,375;-200;-200;26042;205;0;
109;2022.10.20 21:45;0;19;-200;-200;26043;205;0;
110;2022.10.20 22:00;0;18,8125;-200;-200;26042;205;0;
111;2022.10.20 22:15;0;18,625;-200;-200;26042;205;0;
112;2022.10.20 22:30;0;18,625;-200;-200;26042;205;0;
113;2022.10.20 22:45;0;18,5;-200;-200;26042;205;0;
114;2022.10.20 23:00;0;18,4375;-200;-200;26043;205;0;
115;2022.10.20 23:15;0;18,25;-200;-200;26043;205;0;
116;2022.10.20 23:30;0;18,1875;-200;-200;26043;205;0;
117;2022.10.20 23:45;0;18,125;-200;-200;26043;205;0;
118;2022.10.21 00:00;0;18,125;-200;-200;26043;205;0;
119;2022.10.21 00:15;0;18,125;-200;-200;26043;205;0;
120;2022.10.21 00:30;0;18,125;-200;-200;26043;205;0;
121;2022.10.21 00:45;0;18,125;-200;-200;26043;205;0;
122;2022.10.21 01:00;0;18,0625;-200;-200;26043;205;0;
123;2022.10.21 01:15;0;18;-200;-200;26043;205;0;
124;2022.10.21 01:30;0;18;-200;-200;26043;205;0;
125;2022.10.21 01:45;0;18;-200;-200;26043;205;0;
126;2022.10.21 02:00;0;18;-200;-200;26043;205;0;
127;2022.10.21 02:15;0;18;-200;-200;26043;205;0;
128;2022.10.21 02:30;0;18,0625;-200;-200;26043;205;0;
129;2022.10.21 02:45;0;18;-200;-200;26043;205;0;
130;2022.10.21 03:00;0;18;-200;-200;26043;205;0;
131;2022.10.21 03:15;0;17,9375;-200;-200;26043;205;0;
132;2022.10.21 03:30;0;18;-200;-200;26043;205;0;
133;2022.10.21 03:45;0;18;-200;-200;26043;205;0;
134;2022.10.21 04:00;0;17,875;-200;-200;26043;205;0;
135;2022.10.21 04:15;0;17,875;-200;-200;26044;205;0;
136;2022.10.21 04:30;0;17,75;-200;-200;26043;205;0;
137;2022.10.21 04:45;0;17,75;-200;-200;26044;205;0;
138;2022.10.21 05:00;0;17,75;-200;-200;26044;205;0;
139;2022.10.21 05:15;0;17,75;-200;-200;26044;205;0;
140;2022.10.21 05:30;0;17,6875;-200;-200;26043;205;0;
141;2022.10.21 05:45;0;17,6875;-200;-200;26044;205;0;
142;2022.10.21 06:00;0;17,75;-200;-200;26043;205;0;
143;2022.10.21 06:15;0;17,75;-200;-200;26044;205;0;
144;2022.10.21 06:30;0;17,75;-200;-200;26044;205;0;
145;2022.10.21 06:45;0;17,75;-200;-200;26043;205;0;
146;2022.10.21 07:00;0;17,75;-200;-200;26043;205;0;
147;2022.10.21 07:15;0;17,75;-200;-200;26044;205;0;
148;2022.10.21 07:30;0;17,75;-200;-200;26045;205;0;
149;2022.10.21 07:45;0;17,625;-200;-200;26045;205;0;
150;2022.10.21 08:00;0;17,625;-200;-200;26046;205;0;
151;2022.10.21 08:15;0;17,5;-200;-200;26046;205;0;
152;2022.10.21 08:30;0;17,375;-200;-200;26046;205;0;
153;2022.10.21 08:45;0;17,25;-200;-200;26047;205;0;
154;2022.10.21 09:00;0;17,125;-200;-200;26048;205;0;
155;2022.10.21 09:15;0;17;-200;-200;26047;205;0;
156;2022.10.21 09:30;0;16,875;-200;-200;26048;205;0;
157;2022.10.21 09:45;0;16,75;-200;-200;26049;205;0;
158;2022.10.21 10:00;0;16,625;-200;-200;26049;205;0;
159;2022.10.21 10:15;0;16,5;-200;-200;26050;205;0;
160;2022.10.21 10:30;0;16,375;-200;-200;26051;205;0;
161;2022.10.21 10:45;0;16,375;-200;-200;26052;205;0;
162;2022.10.21 11:00;0;16,375;-200;-200;26052;205;0;
163;2022.10.21 11:15;0;16,375;-200;-200;26053;205;0;
164;2022.10.21 11:30;0;16,375;-200;-200;26054;205;0;
165;2022.10.21 11:45;0;16,375;-200;-200;26053;205;0;
166;2022.10.21 12:00;0;16,5;-200;-200;26056;205;0;
167;2022.10.21 12:15;0;16,5625;-200;-200;26057;205;0;
168;2022.10.21 12:30;0;16,75;-200;-200;26057;205;0;
169;2022.10.21 12:45;0;16,9375;-200;-200;26057;205;0;
170;2022.10.21 13:00;0;17,25;-200;-200;26057;205;0;
171;2022.10.21 13:15;0;17,875;-200;-200;26058;205;0;
172;2022.10.21 13:30;0;18,25;-200;-200;26057;205;0;
173;2022.10.21 13:45;0;18,5625;-200;-200;26057;205;0;
174;2022.10.21 14:00;0;19;-200;-200;26057;205;0;
175;2022.10.21 14:15;0;19,9375;-200;-200;26057;205;0;
176;2022.10.21 14:30;0;20,4375;-200;-200;26058;205;0;
177;2022.10.21 14:45;0;20,3125;-200;-200;26058;205;0;
178;2022.10.21 15:00;0;20,5;-200;-200;26057;205;0;
179;2022.10.21 15:15;0;20,625;-200;-200;26057;205;0;
180;2022.10.21 15:30;0;20,625;-200;-200;26057;205;0;
181;2022.10.21 15:45;0;20,8125;-200;-200;26057;205;0;
182;2022.10.21 16:00;0;20,6875;-200;-200;26057;205;0;
183;2022.10.21 16:15;0;20,6875;-200;-200;26057;205;0;
184;2022.10.21 16:30;0;21,125;-200;-200;26057;205;0;
185;2022.10.21 16:45;0;21;-200;-200;26058;205;0;
186;2022.10.21 17:00;0;21,5625;-200;-200;26057;205;0;
187;2022.10.21 17:15;0;21,5;-200;-200;26057;205;0;
188;2022.10.21 17:30;0;21,8125;-200;-200;26057;205;0;
189;2022.10.21 17:45;0;22,25;-200;-200;26057;205;0;
190;2022.10.21 18:00;0;22,875;-200;-200;26057;205;0;
191;2022.10.21 18:15;0;22,875;-200;-200;26057;205;0;
192;2022.10.21 18:30;0;23;-200;-200;26057;205;0;
193;2022.10.21 18:45;0;22,5;-200;-200;26057;205;0;
194;2022.10.21 19:00;0;22,5;-200;-200;26057;205;0;
195;2022.10.21 19:15;0;22,5;-200;-200;26057;205;0;
196;2022.10.21 19:30;0;23,25;-200;-200;26057;205;0;
197;2022.10.21 19:45;0;23,5;-200;-200;26057;205;0;
198;2022.10.21 20:00;0;24,375;-200;-200;26057;205;0;
199;2022.10.21 20:15;0;23,875;-200;-200;26057;205;0;
200;2022.10.21 20:30;0;22,875;-200;-200;26058;205;0;
201;2022.10.21 20:45;0;21,625;-200;-200;26058;205;0;
202;2022.10.21 21:00;0;20,75;-200;-200;26060;205;0;
203;2022.10.21 21:15;0;20,1875;-200;-200;26061;205;0;
204;2022.10.21 21:30;0;19,6875;-200;-200;26062;205;0;
205;2022.10.21 21:45;0;19,4375;-200;-200;26062;205;0;
206;2022.10.21 22:00;0;19,25;-200;-200;26063;205;0;
207;2022.10.21 22:15;0;19,125;-200;-200;26064;205;0;
208;2022.10.21 22:30;0;18,875;-200;-200;26064;205;0;
209;2022.10.21 22:45;0;18,75;-200;-200;26065;205;0;
210;2022.10.21 23:00;0;18,625;-200;-200;26065;205;0;
211;2022.10.21 23:15;0;18,375;-200;-200;26065;205;0;
212;2022.10.21 23:30;0;18,25;-200;-200;26065;205;0;
213;2022.10.21 23:45;0;18,125;-200;-200;26066;205;0;
214;2022.10.22 00:00;0;18,125;-200;-200;26066;205;0;
215;2022.10.22 00:15;0;18,0625;-200;-200;26066;205;0;
216;2022.10.22 00:30;0;18,0625;-200;-200;26065;205;0;
217;2022.10.22 00:45;0;18,0625;-200;-200;26068;205;0;
218;2022.10.22 01:00;0;18;-200;-200;26069;205;0;
219;2022.10.22 01:15;0;18;-200;-200;26073;205;0;
220;2022.10.22 01:30;0;18;-200;-200;26074;205;0;
221;2022.10.22 01:45;0;18;-200;-200;26075;205;0;
222;2022.10.22 02:00;0;17,875;-200;-200;26076;205;0;
223;2022.10.22 02:15;0;17,75;-200;-200;26076;205;0;
224;2022.10.22 02:30;0;17,625;-200;-200;26078;205;0;
225;2022.10.22 02:45;0;17,5625;-200;-200;26079;205;0;
226;2022.10.22 03:00;0;17,5625;-200;-200;26082;205;0;
227;2022.10.22 03:15;0;17,5;-200;-200;26083;205;0;
228;2022.10.22 03:30;0;17,5;-200;-200;26085;205;0;
229;2022.10.22 03:45;0;17,375;-200;-200;26088;205;0;
230;2022.10.22 04:00;0;17,3125;-200;-200;26090;205;0;
231;2022.10.22 04:15;0;17,25;-200;-200;26092;205;0;
232;2022.10.22 04:30;0;17,1875;-200;-200;26094;205;0;
233;2022.10.22 04:45;0;17,125;-200;-200;26094;205;0;
234;2022.10.22 05:00;0;17;-200;-200;26095;205;0;
235;2022.10.22 05:15;0;17;-200;-200;26098;205;0;
236;2022.10.22 05:30;0;16,9375;-200;-200;26100;205;0;
237;2022.10.22 05:45;0;16,875;-200;-200;26104;205;0;
238;2022.10.22 06:00;0;16,875;-200;-200;26107;205;0;
239;2022.10.22 06:15;0;16,75;-200;-200;26111;205;0;
240;2022.10.22 06:30;0;16,75;-200;-200;26115;205;0;
241;2022.10.22 06:45;0;16,75;-200;-200;26115;205;0;
242;2022.10.22 07:00;0;16,6875;-200;-200;26117;205;0;
243;2022.10.22 07:15;0;16,5625;-200;-200;26122;205;0;
244;2022.10.22 07:30;0;16,5;-200;-200;26123;205;0;
245;2022.10.22 07:45;0;16,4375;-200;-200;26127;205;0;
246;2022.10.22 08:00;0;16,375;-200;-200;26128;205;0;
247;2022.10.22 08:15;0;16,375;-200;-200;26129;205;0;
248;2022.10.22 08:30;0;16,375;-200;-200;26129;205;0;
249;2022.10.22 08:45;0;16,375;-200;-200;26130;205;0;
250;2022.10.22 09:00;0;16,25;-200;-200;26134;205;0;
251;2022.10.22 09:15;0;16,25;-200;-200;26135;205;0;
252;2022.10.22 09:30;0;16,1875;-200;-200;26135;205;0;
253;2022.10.22 09:45;0;16,125;-200;-200;26137;205;0;
254;2022.10.22 10:00;0;16,125;-200;-200;26137;205;0;
255;2022.10.22 10:15;0;16,125;-200;-200;26141;205;0;
256;2022.10.22 10:30;0;16,125;-200;-200;26141;205;0;
257;2022.10.22 10:45;0;16,0625;-200;-200;26142;205;0;
258;2022.10.22 11:00;0;16;-200;-200;26142;205;0;
259;2022.10.22 11:15;0;16;-200;-200;26143;205;0;
260;2022.10.22 11:30;0;16;-200;-200;26146;205;0;
261;2022.10.22 11:45;0;16;-200;-200;26146;205;0;
262;2022.10.22 12:00;0;16,125;-200;-200;26148;205;0;
263;2022.10.22 12:15;0;16,25;-200;-200;26150;205;0;
264;2022.10.22 12:30;0;16,375;-200;-200;26150;205;0;
265;2022.10.22 12:45;0;16,6875;-200;-200;26153;205;0;
266;2022.10.22 13:00;0;17,0625;-200;-200;26152;205;0;
267;2022.10.22 13:15;0;17,5;-200;-200;26152;205;0;
268;2022.10.22 13:30;0;18,125;-200;-200;26152;205;0;
269;2022.10.22 13:45;0;18,75;-200;-200;26151;205;0;
270;2022.10.22 14:00;0;19,125;-200;-200;26151;205;0;
271;2022.10.22 14:15;0;19,3125;-200;-200;26152;205;0;
272;2022.10.22 14:30;0;19,625;-200;-200;26152;205;0;
273;2022.10.22 14:45;0;19,625;-200;-200;26152;205;0;
274;2022.10.22 15:00;0;19,75;-200;-200;26152;205;0;
275;2022.10.22 15:15;0;20;-200;-200;26152;205;0;
276;2022.10.22 15:30;0;20,4375;-200;-200;26152;205;0;
277;2022.10.22 15:45;0;20,5;-200;-200;26152;205;0;
278;2022.10.22 16:00;0;20,75;-200;-200;26153;205;0;
279;2022.10.22 16:15;0;21,125;-200;-200;26152;205;0;
280;2022.10.22 16:30;0;21,125;-200;-200;26152;205;0;
281;2022.10.22 16:45;0;21,25;-200;-200;26152;205;0;
282;2022.10.22 17:00;0;21,25;-200;-200;26152;205;0;
283;2022.10.22 17:15;0;21,3125;-200;-200;26152;205;0;
284;2022.10.22 17:30;0;21,125;-200;-200;26152;205;0;
285;2022.10.22 17:45;0;21,375;-200;-200;26152;205;0;
286;2022.10.22 18:00;0;21,125;-200;-200;26152;205;0;
287;2022.10.22 18:15;0;21,375;-200;-200;26152;205;0;
288;2022.10.22 18:30;0;21,25;-200;-200;26152;205;0;
289;2022.10.22 18:45;0;21,6875;-200;-200;26153;205;0;
290;2022.10.22 19:00;0;22;-200;-200;26152;205;0;
291;2022.10.22 19:15;0;21,875;-200;-200;26152;205;0;
292;2022.10.22 19:30;0;21,625;-200;-200;26153;205;0;
293;2022.10.22 19:45;0;21,8125;-200;-200;26152;205;0;
294;2022.10.22 20:00;0;22,25;-200;-200;26152;205;0;
295;2022.10.22 20:15;0;22,375;-200;-200;26152;205;0;
296;2022.10.22 20:30;0;21,875;-200;-200;26153;205;0;
297;2022.10.22 20:45;0;21,25;-200;-200;26152;205;0;
298;2022.10.22 21:00;0;21;-200;-200;26152;205;0;
299;2022.10.22 21:15;0;21,25;-200;-200;26152;205;0;
300;2022.10.22 21:30;0;20,875;-200;-200;26153;205;0;
301;2022.10.22 21:45;0;20,25;-200;-200;26152;205;0;
302;2022.10.22 22:00;0;20;-200;-200;26152;205;0;
303;2022.10.22 22:15;0;19,5;-200;-200;26153;205;0;
304;2022.10.22 22:30;0;19,125;-200;-200;26153;205;0;
305;2022.10.22 22:45;0;18,875;-200;-200;26154;205;0;
306;2022.10.22 23:00;0;18,625;-200;-200;26154;205;0;
307;2022.10.22 23:15;0;18,4375;-200;-200;26156;205;0;
308;2022.10.22 23:30;0;18,25;-200;-200;26155;205;0;
309;2022.10.22 23:45;0;18,0625;-200;-200;26155;205;0;
310;2022.10.23 00:00;0;18;-200;-200;26156;205;0;
311;2022.10.23 00:15;0;17,9375;-200;-200;26158;205;0;
312;2022.10.23 00:30;0;18;-200;-200;26165;205;0;
313;2022.10.23 00:45;0;18;-200;-200;26180;205;0;
314;2022.10.23 01:00;0;18;-200;-200;26184;205;0;
315;2022.10.23 01:15;0;18,0625;-200;-200;26186;205;0;
316;2022.10.23 01:30;0;18,0625;-200;-200;26189;205;0;
317;2022.10.23 01:45;0;18,125;-200;-200;26190;205;0;
318;2022.10.23 02:00;0;18,125;-200;-200;26189;205;0;
319;2022.10.23 02:15;0;18,125;-200;-200;26192;205;0;
320;2022.10.23 02:30;0;18;-200;-200;26197;205;0;
321;2022.10.23 02:45;0;18;-200;-200;26200;205;0;
322;2022.10.23 03:00;0;17,875;-200;-200;26199;205;0;
323;2022.10.23 03:15;0;17,75;-200;-200;26206;205;0;
324;2022.10.23 03:30;0;17,6875;-200;-200;26210;205;0;
325;2022.10.23 03:45;0;17,5625;-200;-200;26214;205;0;
326;2022.10.23 04:00;0;17,3125;-200;-200;26218;205;0;
327;2022.10.23 04:15;0;17,0625;-200;-200;26218;205;0;
328;2022.10.23 04:30;0;17;-200;-200;26220;205;0;
329;2022.10.23 04:45;0;17;-200;-200;26230;205;0;
330;2022.10.23 05:00;0;17;-200;-200;26235;205;0;
331;2022.10.23 05:15;0;17;-200;-200;26234;205;0;
332;2022.10.23 05:30;0;16,875;-200;-200;26237;205;0;
333;2022.10.23 05:45;0;16,8125;-200;-200;26236;205;0;
334;2022.10.23 06:00;0;16,75;-200;-200;26238;205;0;
335;2022.10.23 06:15;0;16,625;-200;-200;26240;205;0;
336;2022.10.23 06:30;0;16,625;-200;-200;26243;205;0;
337;2022.10.23 06:45;0;16,625;-200;-200;26246;205;0;
338;2022.10.23 07:00;0;16,5625;-200;-200;26247;205;0;
339;2022.10.23 07:15;0;16,5;-200;-200;26251;205;0;
340;2022.10.23 07:30;0;16,625;-200;-200;26253;205;0;
341;2022.10.23 07:45;0;16,6875;-200;-200;26255;205;0;
342;2022.10.23 08:00;0;16,6875;-200;-200;26257;205;0;
343;2022.10.23 08:15;0;16,75;-200;-200;26259;205;0;
344;2022.10.23 08:30;0;16,75;-200;-200;26261;205;0;
345;2022.10.23 08:45;0;16,75;-200;-200;26263;205;0;
346;2022.10.23 09:00;0;16,6875;-200;-200;26264;205;0;
347;2022.10.23 09:15;0;16,625;-200;-200;26267;205;0;
348;2022.10.23 09:30;0;16,75;-200;-200;26271;205;0;
349;2022.10.23 09:45;0;16,75;-200;-200;26272;205;0;
350;2022.10.23 10:00;0;16,6875;-200;-200;26273;205;0;
351;2022.10.23 10:15;0;16,75;-200;-200;26274;205;0;
352;2022.10.23 10:30;0;16,75;-200;-200;26277;205;0;
353;2022.10.23 10:45;0;16,8125;-200;-200;26282;205;0;
354;2022.10.23 11:00;0;16,8125;-200;-200;26286;205;0;
355;2022.10.23 11:15;0;16,875;-200;-200;26287;205;0;
356;2022.10.23 11:30;0;16,875;-200;-200;26291;205;0;
357;2022.10.23 11:45;0;16,875;-200;-200;26291;205;0;
358;2022.10.23 12:00;0;16,875;-200;-200;26293;205;0;
359;2022.10.23 12:15;0;17;-200;-200;26295;205;0;
360;2022.10.23 12:30;0;17;-200;-200;26298;205;0;
361;2022.10.23 12:45;0;17,125;-200;-200;26301;205;0;
362;2022.10.23 13:00;0;17,25;-200;-200;26298;205;0;
363;2022.10.23 13:15;0;17,25;-200;-200;26301;205;0;
364;2022.10.23 13:30;0;17,4375;-200;-200;26306;205;0;
365;2022.10.23 13:45;0;17,5;-200;-200;26308;205;0;
366;2022.10.23 14:00;0;17,625;-200;-200;26304;205;0;
367;2022.10.23 14:15;0;17,875;-200;-200;26311;205;0;
368;2022.10.23 14:30;0;18,125;-200;-200;26312;205;0;
369;2022.10.23 14:45;0;18,5;-200;-200;26312;205;0;
370;2022.10.23 15:00;0;19;-200;-200;26313;205;0;
371;2022.10.23 15:15;0;19;-200;-200;26314;205;0;
372;2022.10.23 15:30;0;19;-200;-200;26313;205;0;
373;2022.10.23 15:45;0;19,375;-200;-200;26314;205;0;
374;2022.10.23 16:00;0;19,625;-200;-200;26315;205;0;
375;2022.10.23 16:15;0;20,25;-200;-200;26315;205;0;
376;2022.10.23 16:30;0;21,125;-200;-200;26314;205;0;
377;2022.10.23 16:45;0;21,0625;-200;-200;26316;205;0;
378;2022.10.23 17:00;0;20,9375;-200;-200;26315;205;0;
379;2022.10.23 17:15;0;21,5;-200;-200;26315;205;0;
380;2022.10.23 17:30;0;21,9375;-200;-200;26315;205;0;
381;2022.10.23 17:45;0;21,5625;-200;-200;26315;205;0;
382;2022.10.23 18:00;0;21,625;-200;-200;26315;205;0;
383;2022.10.23 18:15;0;22;-200;-200;26315;205;0;
384;2022.10.23 18:30;0;21,875;-200;-200;26315;205;0;
385;2022.10.23 18:45;0;22,0625;-200;-200;26315;205;0;
386;2022.10.23 19:00;0;22,5;-200;-200;26315;205;0;
387;2022.10.23 19:15;0;22;-200;-200;26316;205;0;
388;2022.10.23 19:30;0;21,125;-200;-200;26316;205;0;
389;2022.10.23 19:45;0;20,6875;-200;-200;26316;205;0;
390;2022.10.23 20:00;0;20,3125;-200;-200;26317;205;0;
391;2022.10.23 20:15;0;20,25;-200;-200;26317;205;0;
392;2022.10.23 20:30;0;20,4375;-200;-200;26317;205;0;
393;2022.10.23 20:45;0;20,4375;-200;-200;26318;205;0;
394;2022.10.23 21:00;0;20,6875;-200;-200;26317;205;0;
395;2022.10.23 21:15;0;20,375;-200;-200;26317;205;0;
396;2022.10.23 21:30;0;20,125;-200;-200;26317;205;0;
397;2022.10.23 21:45;0;20,25;-200;-200;26318;205;0;
398;2022.10.23 22:00;0;19,875;-200;-200;26319;205;0;
399;2022.10.23 22:15;0;19,4375;-200;-200;26320;205;0;
400;2022.10.23 22:30;0;19,125;-200;-200;26321;205;0;
401;2022.10.23 22:45;0;18,8125;-200;-200;26321;205;0;
402;2022.10.23 23:00;0;18,5625;-200;-200;26324;205;0;
403;2022.10.23 23:15;0;18,375;-200;-200;26346;205;0;
404;2022.10.23 23:30;0;18,25;-200;-200;26354;205;0;
405;2022.10.23 23:45;0;18,125;-200;-200;26358;205;0;
406;2022.10.24 00:00;0;18;-200;-200;26360;205;0;
407;2022.10.24 00:15;0;17,875;-200;-200;26362;205;0;
408;2022.10.24 00:30;0;17,8125;-200;-200;26367;205;0;
409;2022.10.24 00:45;0;17,8125;-200;-200;26369;205;0;
410;2022.10.24 01:00;0;17,875;-200;-200;26372;205;0;
411;2022.10.24 01:15;0;17,875;-200;-200;26377;205;0;
412;2022.10.24 01:30;0;17,8125;-200;-200;26378;205;0;
413;2022.10.24 01:45;0;17,625;-200;-200;26381;205;0;
414;2022.10.24 02:00;0;17,4375;-200;-200;26384;205;0;
415;2022.10.24 02:15;0;17,3125;-200;-200;26386;205;0;
416;2022.10.24 02:30;0;17,1875;-200;-200;26390;205;0;
417;2022.10.24 02:45;0;17,125;-200;-200;26395;205;0;
418;2022.10.24 03:00;0;17;-200;-200;26397;205;0;
419;2022.10.24 03:15;0;16,875;-200;-200;26397;205;0;
420;2022.10.24 03:30;0;16,8125;-200;-200;26401;205;0;
421;2022.10.24 03:45;0;16,75;-200;-200;26402;205;0;
422;2022.10.24 04:00;0;16,8125;-200;-200;26403;205;0;
423;2022.10.24 04:15;0;16,8125;-200;-200;26406;205;0;
424;2022.10.24 04:30;0;16,8125;-200;-200;26410;205;0;
425;2022.10.24 04:45;0;16,75;-200;-200;26412;205;0;
426;2022.10.24 05:00;0;16,625;-200;-200;26416;205;0;
427;2022.10.24 05:15;0;16,5625;-200;-200;26425;205;0;
428;2022.10.24 05:30;0;16,5;-200;-200;26425;205;0;
429;2022.10.24 05:45;0;16,4375;-200;-200;26426;205;0;
430;2022.10.24 06:00;0;16,375;-200;-200;26428;205;0;
431;2022.10.24 06:15;0;16,3125;-200;-200;26433;205;0;
432;2022.10.24 06:30;0;16,25;-200;-200;26435;205;0;
433;2022.10.24 06:45;0;16,25;-200;-200;26437;205;0;
434;2022.10.24 07:00;0;16,125;-200;-200;26438;205;0;
435;2022.10.24 07:15;0;16,125;-200;-200;26441;205;0;
436;2022.10.24 07:30;0;16,125;-200;-200;26444;205;0;
437;2022.10.24 07:45;0;16,25;-200;-200;26447;205;0;
438;2022.10.24 08:00;0;16,3125;-200;-200;26452;205;0;
439;2022.10.24 08:15;0;16,375;-200;-200;26452;205;0;
440;2022.10.24 08:30;0;16,375;-200;-200;26453;205;0;
441;2022.10.24 08:45;0;16,3125;-200;-200;26454;205;0;
442;2022.10.24 09:00;0;16,25;-200;-200;26455;205;0;
443;2022.10.24 09:15;0;16,1875;-200;-200;26459;205;0;
444;2022.10.24 09:30;0;16,25;-200;-200;26460;205;0;
445;2022.10.24 09:45;0;16,25;-200;-200;26465;205;0;
446;2022.10.24 10:00;0;16,25;-200;-200;26469;205;0;
447;2022.10.24 10:15;0;16,1875;-200;-200;26470;205;0;
448;2022.10.24 10:30;0;16,1875;-200;-200;26470;205;0;
449;2022.10.24 10:45;0;16,1875;-200;-200;26473;205;0;
450;2022.10.24 11:00;0;16,25;-200;-200;26476;205;0;
451;2022.10.24 11:15;0;16,25;-200;-200;26478;205;0;
452;2022.10.24 11:30;0;16,3125;-200;-200;26478;205;0;
453;2022.10.24 11:45;0;16,375;-200;-200;26480;205;0;
454;2022.10.24 12:00;0;16,5625;-200;-200;26482;205;0;
455;2022.10.24 12:15;0;16,8125;-200;-200;26483;205;0;
456;2022.10.24 12:30;0;17,125;-200;-200;26483;205;0;
457;2022.10.24 12:45;0;17,25;-200;-200;26484;205;0;
458;2022.10.24 13:00;0;17,5;-200;-200;26483;205;0;
459;2022.10.24 13:15;0;17,625;-200;-200;26482;205;0;
460;2022.10.24 13:30;0;17,875;-200;-200;26483;205;0;
461;2022.10.24 13:45;0;18,125;-200;-200;26484;205;0;
462;2022.10.24 14:00;0;18,625;-200;-200;26485;205;0;
463;2022.10.24 14:15;0;19;-200;-200;26485;205;0;
464;2022.10.24 14:30;0;19;-200;-200;26487;205;0;
465;2022.10.24 14:45;0;18,875;-200;-200;26486;205;0;
466;2022.10.24 15:00;0;19,0625;-200;-200;26486;205;0;
467;2022.10.24 15:15;0;19,375;-200;-200;26485;205;0;
468;2022.10.24 15:30;0;19,625;-200;-200;26486;205;0;
469;2022.10.24 15:45;0;19,625;-200;-200;26486;205;0;
470;2022.10.24 16:00;0;19,625;-200;-200;26486;205;0;
471;2022.10.24 16:15;0;19,8125;-200;-200;26486;205;0;
472;2022.10.24 16:30;0;20,1875;-200;-200;26485;205;0;
473;2022.10.24 16:45;0;20,125;-200;-200;26486;205;0;
474;2022.10.24 17:00;0;20,3125;-200;-200;26486;205;0;
475;2022.10.24 17:15;0;20,625;-200;-200;26486;205;0;
476;2022.10.24 17:30;0;21,5;-200;-200;26486;205;0;
477;2022.10.24 17:45;0;21,5;-200;-200;26486;205;0;
478;2022.10.24 18:00;0;21,4375;-200;-200;26487;205;0;
479;2022.10.24 18:15;0;21,75;-200;-200;26487;205;0;
480;2022.10.24 18:30;0;22;-200;-200;26487;205;0;
481;2022.10.24 18:45;0;22,375;-200;-200;26487;205;0;
482;2022.10.24 19:00;0;22,625;-200;-200;26487;205;0;
483;2022.10.24 19:15;0;23,375;-200;-200;26487;205;0;
484;2022.10.24 19:30;0;23,5;-200;-200;26487;205;0;
485;2022.10.24 19:45;0;22,5;-200;-200;26488;205;0;
486;2022.10.24 20:00;0;21,5;-200;-200;26490;205;0;
487;2022.10.24 20:15;0;20,75;-200;-200;26491;205;0;
488;2022.10.24 20:30;0;20,625;-200;-200;26492;205;0;
489;2022.10.24 20:45;0;20,3125;-200;-200;26492;205;0;
490;2022.10.24 21:00;0;19,625;-200;-200;26493;205;0;
491;2022.10.24 21:15;0;19,25;-200;-200;26494;205;0;
492;2022.10.24 21:30;0;18,9375;-200;-200;26496;205;0;
493;2022.10.24 21:45;0;18,6875;-200;-200;26496;205;0;
494;2022.10.24 22:00;0;18,5;-200;-200;26497;205;0;
495;2022.10.24 22:15;0;18,375;-200;-200;26503;205;0;
496;2022.10.24 22:30;0;18,3125;-200;-200;26519;205;0;
497;2022.10.24 22:45;0;18,25;-200;-200;26523;205;0;
498;2022.10.24 23:00;0;18,125;-200;-200;26524;205;0;
499;2022.10.24 23:15;0;18;-200;-200;26526;205;0;
500;2022.10.24 23:30;0;17,875;-200;-200;26528;205;0;
501;2022.10.24 23:45;0;17,875;-200;-200;26528;205;0;
502;2022.10.25 00:00;0;17,75;-200;-200;26534;205;0;
503;2022.10.25 00:15;0;17,75;-200;-200;26536;205;0;
504;2022.10.25 00:30;0;17,75;-200;-200;26536;205;0;
505;2022.10.25 00:45;0;17,6875;-200;-200;26539;205;0;
506;2022.10.25 01:00;0;17,5;-200;-200;26540;205;0;
507;2022.10.25 01:15;0;17,5;-200;-200;26547;205;0;
508;2022.10.25 01:30;0;17,4375;-200;-200;26548;205;0;
509;2022.10.25 01:45;0;17,4375;-200;-200;26551;205;0;
510;2022.10.25 02:00;0;17,375;-200;-200;26551;205;0;
511;2022.10.25 02:15;0;17,25;-200;-200;26554;205;0;
512;2022.10.25 02:30;0;17,25;-200;-200;26558;205;0;
513;2022.10.25 02:45;0;17,25;-200;-200;26562;205;0;
514;2022.10.25 03:00;0;17,1875;-200;-200;26566;205;0;
515;2022.10.25 03:15;0;17,0625;-200;-200;26567;205;0;
516;2022.10.25 03:30;0;17;-200;-200;26573;205;0;
517;2022.10.25 03:45;0;17;-200;-200;26579;205;0;
518;2022.10.25 04:00;0;17;-200;-200;26581;205;0;
519;2022.10.25 04:15;0;17,0625;-200;-200;26583;205;0;
520;2022.10.25 04:30;0;16,9375;-200;-200;26583;205;0;
521;2022.10.25 04:45;0;16,875;-200;-200;26582;205;0;
522;2022.10.25 05:00;0;16,875;-200;-200;26584;205;0;
523;2022.10.25 05:15;0;16,875;-200;-200;26587;205;0;
524;2022.10.25 05:30;0;16,8125;-200;-200;26592;205;0;
525;2022.10.25 05:45;0;16,875;-200;-200;26598;205;0;
526;2022.10.25 06:00;0;16,875;-200;-200;26603;205;0;
527;2022.10.25 06:15;0;16,875;-200;-200;26605;205;0;
528;2022.10.25 06:30;0;16,875;-200;-200;26607;205;0;
529;2022.10.25 06:45;0;16,875;-200;-200;26609;205;0;
530;2022.10.25 07:00;0;16,875;-200;-200;26610;205;0;
531;2022.10.25 07:15;0;16,875;-200;-200;26610;205;0;
532;2022.10.25 07:30;0;16,8125;-200;-200;26612;205;0;
533;2022.10.25 07:45;0;16,6875;-200;-200;26615;205;0;
534;2022.10.25 08:00;0;16,5;-200;-200;26617;205;0;
535;2022.10.25 08:15;0;16,5;-200;-200;26621;205;0;
536;2022.10.25 08:30;0;16,6875;-200;-200;26628;205;0;
537;2022.10.25 08:45;0;16,75;-200;-200;26630;205;0;
538;2022.10.25 09:00;0;16,8125;-200;-200;26631;205;0;
539;2022.10.25 09:15;0;16,875;-200;-200;26631;205;0;
540;2022.10.25 09:30;0;16,75;-200;-200;26634;205;0;
541;2022.10.25 09:45;0;16,625;-200;-200;26633;205;0;
542;2022.10.25 10:00;0;16,5625;-200;-200;26632;205;0;
543;2022.10.25 10:15;0;16,5;-200;-200;26633;205;0;
544;2022.10.25 10:30;0;16,5;-200;-200;26634;205;0;
545;2022.10.25 10:45;0;16,375;-200;-200;26638;205;0;
546;2022.10.25 11:00;0;16,375;-200;-200;26644;205;0;
547;2022.10.25 11:15;0;16,25;-200;-200;26648;205;0;
548;2022.10.25 11:30;0;16,25;-200;-200;26650;205;0;
549;2022.10.25 11:45;0;16,25;-200;-200;26652;205;0;
550;2022.10.25 12:00;0;16,3125;-200;-200;26654;205;0;
551;2022.10.25 12:15;0;16,375;-200;-200;26653;205;0;
552;2022.10.25 12:30;0;16,5;-200;-200;26655;205;0;
553;2022.10.25 12:45;0;16,75;-200;-200;26657;205;0;
554;2022.10.25 13:00;0;17;-200;-200;26656;205;0;
555;2022.10.25 13:15;0;17,5625;-200;-200;26658;205;0;
556;2022.10.25 13:30;0;18,1875;-200;-200;26660;205;0;
557;2022.10.25 13:45;0;18,875;-200;-200;26662;205;0;
558;2022.10.25 14:00;0;19,25;-200;-200;26662;205;0;
559;2022.10.25 14:15;0;19,75;-200;-200;26662;205;0;
560;2022.10.25 14:30;0;20;-200;-200;26662;205;0;
561;2022.10.25 14:45;0;20,375;-200;-200;26662;205;0;
562;2022.10.25 15:00;0;20,5;-200;-200;26662;205;0;
563;2022.10.25 15:15;0;20,6875;-200;-200;26662;205;0;
564;2022.10.25 15:30;0;20,875;-200;-200;26662;205;0;
565;2022.10.25 15:45;0;21,0625;-200;-200;26662;205;0;
566;2022.10.25 16:00;0;21,5;-200;-200;26662;205;0;
567;2022.10.25 16:15;0;21,75;-200;-200;26662;205;0;
568;2022.10.25 16:30;0;22;-200;-200;26662;205;0;
569;2022.10.25 16:45;0;22,25;-200;-200;26662;205;0;
570;2022.10.25 17:00;0;22,75;-200;-200;26662;205;0;
571;2022.10.25 17:15;0;22,75;-200;-200;26662;205;0;
572;2022.10.25 17:30;0;22,5;-200;-200;26662;205;0;
573;2022.10.25 17:45;0;22,75;-200;-200;26662;205;0;
574;2022.10.25 18:00;0;23,625;-200;-200;26662;205;0;
575;2022.10.25 18:15;0;23,4375;-200;-200;26662;205;0;
576;2022.10.25 18:30;0;23,375;-200;-200;26662;205;0;
577;2022.10.25 18:45;0;22,875;-200;-200;26662;205;0;
578;2022.10.25 19:00;0;23;-200;-200;26662;205;0;
579;2022.10.25 19:15;0;23,25;-200;-200;26662;205;0;
580;2022.10.25 19:30;0;23,75;-200;-200;26662;205;0;
581;2022.10.25 19:45;0;23,8125;-200;-200;26662;205;0;
582;2022.10.25 20:00;0;23,25;-200;-200;26662;205;0;
583;2022.10.25 20:15;0;22,5;-200;-200;26662;205;0;
584;2022.10.25 20:30;0;22,875;-200;-200;26661;205;0;
585;2022.10.25 20:45;0;22,875;-200;-200;26662;205;0;
586;2022.10.25 21:00;0;22;-200;-200;26662;205;0;
587;2022.10.25 21:15;0;22,4375;-200;-200;26662;205;0;
588;2022.10.25 21:30;0;23,25;-200;-200;26662;205;0;
589;2022.10.25 21:45;0;22;-200;-200;26662;205;0;
590;2022.10.25 22:00;0;21,375;-200;-200;26663;205;0;
591;2022.10.25 22:15;0;21;-200;-200;26663;205;0;
592;2022.10.25 22:30;0;20,625;-200;-200;26665;205;0;
593;2022.10.25 22:45;0;20,25;-200;-200;26665;205;0;
594;2022.10.25 23:00;0;19,875;-200;-200;26667;205;0;
595;2022.10.25 23:15;0;19,75;-200;-200;26666;205;0;
596;2022.10.25 23:30;0;19,625;-200;-200;26666;205;0;
597;2022.10.25 23:45;0;19,375;-200;-200;26666;205;0;
598;2022.10.26 00:00;0;19,25;-200;-200;26667;205;0;
599;2022.10.26 00:15;0;19,125;-200;-200;26666;205;0;
600;2022.10.26 00:30;0;19;-200;-200;26668;205;0;
601;2022.10.26 00:45;0;18,9375;-200;-200;26667;205;0;
602;2022.10.26 01:00;0;18,8125;-200;-200;26669;205;0;
603;2022.10.26 01:15;0;18,75;-200;-200;26671;205;0;
604;2022.10.26 01:30;0;18,625;-200;-200;26671;205;0;
605;2022.10.26 01:45;0;18,5;-200;-200;26675;205;0;
606;2022.10.26 02:00;0;18,5;-200;-200;26683;205;0;
607;2022.10.26 02:15;0;18,5;-200;-200;26693;205;0;
608;2022.10.26 02:30;0;18,5;-200;-200;26701;205;0;
609;2022.10.26 02:45;0;18,375;-200;-200;26702;205;0;
610;2022.10.26 03:00;0;18,375;-200;-200;26704;205;0;
611;2022.10.26 03:15;0;18,375;-200;-200;26705;205;0;
612;2022.10.26 03:30;0;18,25;-200;-200;26707;205;0;
613;2022.10.26 03:45;0;18,1875;-200;-200;26709;205;0;
614;2022.10.26 04:00;0;18,125;-200;-200;26711;205;0;
615;2022.10.26 04:15;0;18,125;-200;-200;26714;205;0;
616;2022.10.26 04:30;0;18,0625;-200;-200;26715;205;0;
617;2022.10.26 04:45;0;18;-200;-200;26718;205;0;
618;2022.10.26 05:00;0;17,875;-200;-200;26719;205;0;
619;2022.10.26 05:15;0;17,875;-200;-200;26722;205;0;
620;2022.10.26 05:30;0;17,875;-200;-200;26724;205;0;
621;2022.10.26 05:45;0;17,75;-200;-200;26728;205;0;
622;2022.10.26 06:00;0;17,6875;-200;-200;26731;205;0;
623;2022.10.26 06:15;0;17,625;-200;-200;26731;205;0;
624;2022.10.26 06:30;0;17,5;-200;-200;26733;205;0;
625;2022.10.26 06:45;0;17,25;-200;-200;26735;205;0;
626;2022.10.26 07:00;0;17,125;-200;-200;26734;205;0;
627;2022.10.26 07:15;0;17;-200;-200;26737;205;0;
628;2022.10.26 07:30;0;17;-200;-200;26739;205;0;
629;2022.10.26 07:45;0;16,875;-200;-200;26745;205;0;
630;2022.10.26 08:00;0;16,875;-200;-200;26747;205;0;
631;2022.10.26 08:15;0;16,75;-200;-200;26748;205;0;
632;2022.10.26 08:30;0;16,6875;-200;-200;26751;205;0;
633;2022.10.26 08:45;0;16,625;-200;-200;26753;205;0;
634;2022.10.26 09:00;0;16,625;-200;-200;26756;205;0;
635;2022.10.26 09:15;0;16,625;-200;-200;26757;205;0;
636;2022.10.26 09:30;0;16,625;-200;-200;26759;205;0;
637;2022.10.26 09:45;0;16,5625;-200;-200;26761;205;0;
638;2022.10.26 10:00;0;16,5625;-200;-200;26763;205;0;
639;2022.10.26 10:15;0;16,5625;-200;-200;26765;205;0;
640;2022.10.26 10:30;0;16,5625;-200;-200;26769;205;0;
641;2022.10.26 10:45;0;16,625;-200;-200;26772;205;0;
642;2022.10.26 11:00;0;16,625;-200;-200;26774;205;0;
643;2022.10.26 11:15;0;16,625;-200;-200;26776;205;0;
644;2022.10.26 11:30;0;16,6875;-200;-200;26777;205;0;
645;2022.10.26 11:45;0;16,75;-200;-200;26781;205;0;
646;2022.10.26 12:00;0;16,8125;-200;-200;26784;205;0;
647;2022.10.26 12:15;0;16,875;-200;-200;26784;205;0;
648;2022.10.26 12:30;0;16,9375;-200;-200;26786;205;0;
649;2022.10.26 12:45;0;17,125;-200;-200;26786;205;0;
650;2022.10.26 13:00;0;17,4375;-200;-200;26788;205;0;
651;2022.10.26 13:15;0;17,8125;-200;-200;26788;205;0;
652;2022.10.26 13:30;0;18,125;-200;-200;26790;205;0;
653;2022.10.26 13:45;0;18,375;-200;-200;26790;205;0;
654;2022.10.26 14:00;0;18,625;-200;-200;26790;205;0;
655;2022.10.26 14:15;0;18,9375;-200;-200;26790;205;0;
656;2022.10.26 14:30;0;19,375;-200;-200;26790;205;0;
657;2022.10.26 14:45;0;19,375;-200;-200;26790;205;0;
658;2022.10.26 15:00;0;19,875;-200;-200;26791;205;0;
659;2022.10.26 15:15;0;20,25;-200;-200;26791;205;0;
660;2022.10.26 15:30;0;20,625;-200;-200;26791;205;0;
661;2022.10.26 15:45;0;20,8125;-200;-200;26791;205;0;
662;2022.10.26 16:00;0;21,25;-200;-200;26791;205;0;
663;2022.10.26 16:15;0;21,625;-200;-200;26790;205;0;
664;2022.10.26 16:30;0;22,25;-200;-200;26790;205;0;
665;2022.10.26 16:45;0;22,5;-200;-200;26791;205;0;
666;2022.10.26 17:00;0;22,25;-200;-200;26791;205;0;
667;2022.10.26 17:15;0;22,375;-200;-200;26791;205;0;
668;2022.10.26 17:30;0;22,5;-200;-200;26791;205;0;
669;2022.10.26 17:45;0;22,75;-200;-200;26791;205;0;
670;2022.10.26 18:00;0;23;-200;-200;26791;205;0;
671;2022.10.26 18:15;0;23,1875;-200;-200;26791;205;0;
672;2022.10.26 18:30;0;23,25;-200;-200;26791;205;0;
673;2022.10.26 18:45;0;23,6875;-200;-200;26791;205;0;
674;2022.10.26 19:00;0;23,25;-200;-200;26791;205;0;
675;2022.10.26 19:15;0;23,125;-200;-200;26791;205;0;
676;2022.10.26 19:30;0;23;-200;-200;26791;205;0;
677;2022.10.26 19:45;0;22,875;-200;-200;26791;205;0;
678;2022.10.26 20:00;0;22,875;-200;-200;26791;205;0;
679;2022.10.26 20:15;0;22,9375;-200;-200;26791;205;0;
680;2022.10.26 20:30;0;23,4375;-200;-200;26791;205;0;
681;2022.10.26 20:45;0;23,75;-200;-200;26791;205;0;
682;2022.10.26 21:00;0;23;-200;-200;26791;205;0;
683;2022.10.26 21:15;0;23,25;-200;-200;26791;205;0;
684;2022.10.26 21:30;0;23,1875;-200;-200;26791;205;0;
685;2022.10.26 21:45;0;22;-200;-200;26792;205;0;
686;2022.10.26 22:00;0;21,25;-200;-200;26792;205;0;
687;2022.10.26 22:15;0;21;-200;-200;26793;205;0;
688;2022.10.26 22:30;0;20,75;-200;-200;26795;205;0;
689;2022.10.26 22:45;0;20,375;-200;-200;26794;205;0;
690;2022.10.26 23:00;0;20;-200;-200;26795;205;0;
691;2022.10.26 23:15;0;19,75;-200;-200;26794;205;0;
692;2022.10.26 23:30;0;19,5;-200;-200;26795;205;0;
693;2022.10.26 23:45;0;19,375;-200;-200;26795;205;0;
694;2022.10.27 00:00;0;19,25;-200;-200;26795;205;0;
695;2022.10.27 00:15;0;19,125;-200;-200;26796;205;0;
696;2022.10.27 00:30;0;19;-200;-200;26797;205;0;
697;2022.10.27 00:45;0;18,9375;-200;-200;26797;205;0;
698;2022.10.27 01:00;0;18,8125;-200;-200;26797;205;0;
699;2022.10.27 01:15;0;18,625;-200;-200;26798;205;0;
700;2022.10.27 01:30;0;18,5;-200;-200;26798;205;0;
701;2022.10.27 01:45;0;18,375;-200;-200;26802;205;0;
702;2022.10.27 02:00;0;18,25;-200;-200;26811;205;0;
703;2022.10.27 02:15;0;18;-200;-200;26824;205;0;
704;2022.10.27 02:30;0;17,75;-200;-200;26833;205;0;
705;2022.10.27 02:45;0;17,5625;-200;-200;26831;205;0;
706;2022.10.27 03:00;0;17,5;-200;-200;26837;205;0;
707;2022.10.27 03:15;0;17,375;-200;-200;26837;205;0;
708;2022.10.27 03:30;0;17,25;-200;-200;26839;205;0;
709;2022.10.27 03:45;0;17,1875;-200;-200;26844;205;0;
710;2022.10.27 04:00;0;17,25;-200;-200;26849;205;0;
711;2022.10.27 04:15;0;17,25;-200;-200;26853;205;0;
712;2022.10.27 04:30;0;17,125;-200;-200;26857;205;0;
713;2022.10.27 04:45;0;17,125;-200;-200;26858;205;0;
714;2022.10.27 05:00;0;17;-200;-200;26861;205;0;
715;2022.10.27 05:15;0;16,875;-200;-200;26862;205;0;
716;2022.10.27 05:30;0;16,75;-200;-200;26862;205;0;
717;2022.10.27 05:45;0;16,75;-200;-200;26862;205;0;
718;2022.10.27 06:00;0;16,625;-200;-200;26863;205;0;
719;2022.10.27 06:15;0;16,5625;-200;-200;26865;205;0;
720;2022.10.27 06:30;0;16,5;-200;-200;26866;205;0;
721;2022.10.27 06:45;0;16,5;-200;-200;26871;205;0;
722;2022.10.27 07:00;0;16,375;-200;-200;26874;205;0;
723;2022.10.27 07:15;0;16,375;-200;-200;26875;205;0;
724;2022.10.27 07:30;0;16,3125;-200;-200;26878;205;0;
725;2022.10.27 07:45;0;16,25;-200;-200;26878;205;0;
726;2022.10.27 08:00;0;16,1875;-200;-200;26881;205;0;
727;2022.10.27 08:15;0;16,125;-200;-200;26880;205;0;
728;2022.10.27 08:30;0;16,125;-200;-200;26882;205;0;
729;2022.10.27 08:45;0;16,125;-200;-200;26884;205;0;
730;2022.10.27 09:00;0;16,0625;-200;-200;26889;205;0;
731;2022.10.27 09:15;0;16,0625;-200;-200;26887;205;0;
732;2022.10.27 09:30;0;16,0625;-200;-200;26893;205;0;
733;2022.10.27 09:45;0;16;-200;-200;26894;205;0;
734;2022.10.27 10:00;0;15,9375;-200;-200;26895;205;0;
735;2022.10.27 10:15;0;15,9375;-200;-200;26897;205;0;
736;2022.10.27 10:30;0;16;-200;-200;26900;205;0;
737;2022.10.27 10:45;0;15,9375;-200;-200;26901;205;0;
738;2022.10.27 11:00;0;15,875;-200;-200;26901;205;0;
739;2022.10.27 11:15;0;15,875;-200;-200;26904;205;0;
740;2022.10.27 11:30;0;15,875;-200;-200;26907;205;0;
741;2022.10.27 11:45;0;15,9375;-200;-200;26911;205;0;
742;2022.10.27 12:00;0;16;-200;-200;26912;205;0;
743;2022.10.27 12:15;0;16,125;-200;-200;26914;205;0;
744;2022.10.27 12:30;0;16,375;-200;-200;26915;205;0;
745;2022.10.27 12:45;0;16,6875;-200;-200;26918;205;0;
746;2022.10.27 13:00;0;17,125;-200;-200;26916;205;0;
747;2022.10.27 13:15;0;17,8125;-200;-200;26914;205;0;
748;2022.10.27 13:30;0;18,4375;-200;-200;26914;205;0;
749;2022.10.27 13:45;0;18,875;-200;-200;26914;205;0;
750;2022.10.27 14:00;0;19,4375;-200;-200;26913;205;0;
751;2022.10.27 14:15;0;20;-200;-200;26912;205;0;
752;2022.10.27 14:30;0;20,625;-200;-200;26913;205;0;
753;2022.10.27 14:45;0;21;-200;-200;26913;205;0;
754;2022.10.27 15:00;0;21,3125;-200;-200;26912;205;0;
755;2022.10.27 15:15;0;21,625;-200;-200;26913;205;0;
756;2022.10.27 15:30;0;21,75;-200;-200;26913;205;0;
757;2022.10.27 15:45;0;22;-200;-200;26912;205;0;
758;2022.10.27 16:00;0;22,1875;-200;-200;26911;205;0;
759;2022.10.27 16:15;0;22,375;-200;-200;26911;205;0;
760;2022.10.27 16:30;0;22,625;-200;-200;26911;205;0;
761;2022.10.27 16:45;0;22,75;-200;-200;26911;205;0;
762;2022.10.27 17:00;0;23;-200;-200;26911;205;0;
763;2022.10.27 17:15;0;23,125;-200;-200;26911;205;0;
764;2022.10.27 17:30;0;23,25;-200;-200;26911;205;0;
765;2022.10.27 17:45;0;23,375;-200;-200;26911;205;0;
766;2022.10.27 18:00;0;23,6875;-200;-200;26911;205;0;
767;2022.10.27 18:15;0;24;-200;-200;26911;205;0;
768;2022.10.27 18:30;0;23,9375;-200;-200;26911;205;0;
769;2022.10.27 18:45;0;23,75;-200;-200;26911;205;0;
770;2022.10.27 19:00;0;23,875;-200;-200;26911;205;0;
771;2022.10.27 19:15;0;24,125;-200;-200;26911;205;0;
772;2022.10.27 19:30;0;24,125;-200;-200;26911;205;0;
773;2022.10.27 19:45;0;24,125;-200;-200;26911;205;0;
774;2022.10.27 20:00;0;23,875;-200;-200;26911;205;0;
775;2022.10.27 20:15;0;23,875;-200;-200;26911;205;0;
776;2022.10.27 20:30;0;22,75;-200;-200;26911;205;0;
777;2022.10.27 20:45;0;21,75;-200;-200;26912;205;0;
778;2022.10.27 21:00;0;21,25;-200;-200;26913;205;0;
779;2022.10.27 21:15;0;20,875;-200;-200;26912;205;0;
780;2022.10.27 21:30;0;20,5;-200;-200;26914;205;0;
781;2022.10.27 21:45;0;20,25;-200;-200;26915;205;0;
782;2022.10.27 22:00;0;19,875;-200;-200;26915;205;0;
783;2022.10.27 22:15;0;19,625;-200;-200;26915;205;0;
784;2022.10.27 22:30;0;19,4375;-200;-200;26917;205;0;
785;2022.10.27 22:45;0;19,25;-200;-200;26917;205;0;
786;2022.10.27 23:00;0;19,0625;-200;-200;26919;205;0;
787;2022.10.27 23:15;0;19;-200;-200;26921;205;0;
788;2022.10.27 23:30;0;18,875;-200;-200;26921;205;0;
789;2022.10.27 23:45;0;18,75;-200;-200;26919;205;0;
790;2022.10.28 00:00;0;18,75;-200;-200;26918;205;0;
791;2022.10.28 00:15;0;18,625;-200;-200;26922;205;0;
792;2022.10.28 00:30;0;18,5;-200;-200;26920;205;0;
793;2022.10.28 00:45;0;18,375;-200;-200;26919;205;0;
794;2022.10.28 01:00;0;18,25;-200;-200;26921;205;0;
795;2022.10.28 01:15;0;18,25;-200;-200;26923;205;0;
796;2022.10.28 01:30;0;18,125;-200;-200;26921;205;0;
797;2022.10.28 01:45;0;18,125;-200;-200;26924;205;0;
798;2022.10.28 02:00;0;18;-200;-200;26925;205;0;
799;2022.10.28 02:15;0;17,9375;-200;-200;26932;205;0;
800;2022.10.28 02:30;0;17,75;-200;-200;26940;205;0;
801;2022.10.28 02:45;0;17,5;-200;-200;26954;205;0;
802;2022.10.28 03:00;0;17,3125;-200;-200;26957;205;0;
803;2022.10.28 03:15;0;17,125;-200;-200;26958;205;0;
804;2022.10.28 03:30;0;16,875;-200;-200;26959;205;0;
805;2022.10.28 03:45;0;16,75;-200;-200;26959;205;0;
806;2022.10.28 04:00;0;16,6875;-200;-200;26963;205;0;
807;2022.10.28 04:15;0;16,625;-200;-200;26963;205;0;
808;2022.10.28 04:30;0;16,5;-200;-200;26968;205;0;
809;2022.10.28 04:45;0;16,375;-200;-200;26970;205;0;
810;2022.10.28 05:00;0;16,1875;-200;-200;26972;205;0;
811;2022.10.28 05:15;0;16;-200;-200;26972;205;0;
812;2022.10.28 05:30;0;15,875;-200;-200;26974;205;0;
813;2022.10.28 05:45;0;15,875;-200;-200;26977;205;0;
814;2022.10.28 06:00;0;15,8125;-200;-200;26980;205;0;
815;2022.10.28 06:15;0;15,75;-200;-200;26980;205;0;
816;2022.10.28 06:30;0;15,75;-200;-200;26984;205;0;
817;2022.10.28 06:45;0;15,75;-200;-200;26991;205;0;
818;2022.10.28 07:00;0;15,6875;-200;-200;26991;205;0;
819;2022.10.28 07:15;0;15,6875;-200;-200;26996;205;0;
820;2022.10.28 07:30;0;15,625;-200;-200;26998;205;0;
821;2022.10.28 07:45;0;15,625;-200;-200;27001;205;0;
822;2022.10.28 08:00;0;15,6875;-200;-200;27006;205;0;
823;2022.10.28 08:15;0;15,75;-200;-200;27010;205;0;
824;2022.10.28 08:30;0;15,6875;-200;-200;27010;205;0;
825;2022.10.28 08:45;0;15,75;-200;-200;27014;205;0;
826;2022.10.28 09:00;0;15,75;-200;-200;27020;205;0;
827;2022.10.28 09:15;0;15,75;-200;-200;27024;205;0;
828;2022.10.28 09:30;0;15,6875;-200;-200;27028;205;0;
829;2022.10.28 09:45;0;15,625;-200;-200;27027;205;0;
830;2022.10.28 10:00;0;15,625;-200;-200;27030;205;0;
831;2022.10.28 10:15;0;15,5625;-200;-200;27033;205;0;
832;2022.10.28 10:30;0;15,5;-200;-200;27035;205;0;
833;2022.10.28 10:45;0;15,4375;-200;-200;27038;205;0;
834;2022.10.28 11:00;0;15,4375;-200;-200;27040;205;0;
835;2022.10.28 11:15;0;15,4375;-200;-200;27040;205;0;
836;2022.10.28 11:30;0;15,5;-200;-200;27044;205;0;
837;2022.10.28 11:45;0;15,625;-200;-200;27047;205;0;
838;2022.10.28 12:00;0;15,75;-200;-200;27048;205;0;
839;2022.10.28 12:15;0;15,875;-200;-200;27052;205;0;
840;2022.10.28 12:30;0;16,125;-200;-200;27053;205;0;
841;2022.10.28 12:45;0;16,375;-200;-200;27053;205;0;
842;2022.10.28 13:00;0;16,8125;-200;-200;27056;205;0;
843;2022.10.28 13:15;0;17,5;-200;-200;27055;205;0;
844;2022.10.28 13:30;0;17,875;-200;-200;27055;205;0;
845;2022.10.28 13:45;0;18,125;-200;-200;27055;205;0;
846;2022.10.28 14:00;0;18,375;-200;-200;27054;205;0;
847;2022.10.28 14:15;0;19,25;-200;-200;27055;205;0;
848;2022.10.28 14:30;0;20,4375;-200;-200;27055;205;0;
849;2022.10.28 14:45;0;21;-200;-200;27054;205;0;
850;2022.10.28 15:00;0;21,875;-200;-200;27054;205;0;
851;2022.10.28 15:15;0;21,75;-200;-200;27054;205;0;
852;2022.10.28 15:30;0;21,5;-200;-200;27055;205;0;
853;2022.10.28 15:45;0;21,625;-200;-200;27055;205;0;
854;2022.10.28 16:00;0;21,5;-200;-200;27054;205;0;
855;2022.10.28 16:15;0;21,875;-200;-200;27055;205;0;
856;2022.10.28 16:30;0;22,125;-200;-200;27054;205;0;
857;2022.10.28 16:45;0;22,5;-200;-200;27055;205;0;
858;2022.10.28 17:00;0;23;-200;-200;27054;205;0;
859;2022.10.28 17:15;0;23,125;-200;-200;27054;205;0;
860;2022.10.28 17:30;0;22,9375;-200;-200;27054;205;0;
861;2022.10.28 17:45;0;23;-200;-200;27054;205;0;
862;2022.10.28 18:00;0;23;-200;-200;27054;205;0;
863;2022.10.28 18:15;0;22,5;-200;-200;27054;205;0;
864;2022.10.28 18:30;0;22,75;-200;-200;27054;205;0;
865;2022.10.28 18:45;0;22,5;-200;-200;27054;205;0;
866;2022.10.28 19:00;0;22,5;-200;-200;27054;205;0;
867;2022.10.28 19:15;0;22,4375;-200;-200;27054;205;0;
868;2022.10.28 19:30;0;22,375;-200;-200;27054;205;0;
869;2022.10.28 19:45;0;22,25;-200;-200;27054;205;0;
870;2022.10.28 20:00;0;21,75;-200;-200;27054;205;0;
871;2022.10.28 20:15;0;21,5;-200;-200;27055;205;0;
872;2022.10.28 20:30;0;21,5;-200;-200;27055;205;0;
873;2022.10.28 20:45;0;21;-200;-200;27056;205;0;
874;2022.10.28 21:00;0;20,625;-200;-200;27056;205;0;
875;2022.10.28 21:15;0;20,375;-200;-200;27058;205;0;
876;2022.10.28 21:30;0;20,1875;-200;-200;27057;205;0;
877;2022.10.28 21:45;0;20,125;-200;-200;27059;205;0;
878;2022.10.28 22:00;0;19,875;-200;-200;27058;205;0;
879;2022.10.28 22:15;0;19,75;-200;-200;27058;205;0;
880;2022.10.28 22:30;0;19,4375;-200;-200;27059;205;0;
881;2022.10.28 22:45;0;19,25;-200;-200;27060;205;0;
882;2022.10.28 23:00;0;19;-200;-200;27060;205;0;
883;2022.10.28 23:15;0;18,875;-200;-200;27062;205;0;
884;2022.10.28 23:30;0;18,5625;-200;-200;27062;205;0;
885;2022.10.28 23:45;0;18,375;-200;-200;27062;205;0;
886;2022.10.29 00:00;0;18,25;-200;-200;27063;205;0;
887;2022.10.29 00:15;0;18,25;-200;-200;27063;205;0;
888;2022.10.29 00:30;0;18,1875;-200;-200;27064;205;0;
889;2022.10.29 00:45;0;18,125;-200;-200;27064;205;0;
890;2022.10.29 01:00;0;18,0625;-200;-200;27066;205;0;
891;2022.10.29 01:15;0;17,9375;-200;-200;27075;205;0;
892;2022.10.29 01:30;0;17,75;-200;-200;27082;205;0;
893;2022.10.29 01:45;0;17,625;-200;-200;27099;205;0;
894;2022.10.29 02:00;0;17,375;-200;-200;27102;205;0;
895;2022.10.29 02:15;0;17,375;-200;-200;27103;205;0;
896;2022.10.29 02:30;0;17,375;-200;-200;27105;205;0;
897;2022.10.29 02:45;0;17,375;-200;-200;27107;205;0;
898;2022.10.29 03:00;0;17,375;-200;-200;27109;205;0;
899;2022.10.29 03:15;0;17,25;-200;-200;27111;205;0;
900;2022.10.29 03:30;0;17,125;-200;-200;27114;205;0;
901;2022.10.29 03:45;0;17;-200;-200;27117;205;0;
902;2022.10.29 04:00;0;16,875;-200;-200;27120;205;0;
903;2022.10.29 04:15;0;16,875;-200;-200;27120;205;0;
904;2022.10.29 04:30;0;16,8125;-200;-200;27120;205;0;
905;2022.10.29 04:45;0;16,8125;-200;-200;27122;205;0;
906;2022.10.29 05:00;0;16,75;-200;-200;27123;205;0;
907;2022.10.29 05:15;0;16,6875;-200;-200;27125;205;0;
908;2022.10.29 05:30;0;16,625;-200;-200;27124;205;0;
909;2022.10.29 05:45;0;16,5625;-200;-200;27125;205;0;
910;2022.10.29 06:00;0;16,5;-200;-200;27125;205;0;
911;2022.10.29 06:15;0;16,4375;-200;-200;27125;205;0;
912;2022.10.29 06:30;0;16,4375;-200;-200;27126;205;0;
913;2022.10.29 06:45;0;16,4375;-200;-200;27126;205;0;
914;2022.10.29 07:00;0;16,375;-200;-200;27127;205;0;
915;2022.10.29 07:15;0;16,375;-200;-200;27128;205;0;
916;2022.10.29 07:30;0;16,25;-200;-200;27129;205;0;
917;2022.10.29 07:45;0;16,125;-200;-200;27128;205;0;
918;2022.10.29 08:00;0;16;-200;-200;27130;205;0;
919;2022.10.29 08:15;0;16;-200;-200;27136;205;0;
920;2022.10.29 08:30;0;16;-200;-200;27143;205;0;
921;2022.10.29 08:45;0;16;-200;-200;27154;205;0;
922;2022.10.29 09:00;0;16;-200;-200;27160;205;0;
923;2022.10.29 09:15;0;15,9375;-200;-200;27161;205;0;
924;2022.10.29 09:30;0;15,9375;-200;-200;27165;205;0;
925;2022.10.29 09:45;0;15,875;-200;-200;27169;205;0;
926;2022.10.29 10:00;0;15,875;-200;-200;27168;205;0;
927;2022.10.29 10:15;0;15,875;-200;-200;27173;205;0;
928;2022.10.29 10:30;0;15,875;-200;-200;27176;205;0;
929;2022.10.29 10:45;0;15,875;-200;-200;27177;205;0;
930;2022.10.29 11:00;0;15,875;-200;-200;27179;205;0;
931;2022.10.29 11:15;0;15,875;-200;-200;27182;205;0;
932;2022.10.29 11:30;0;15,875;-200;-200;27184;205;0;
933;2022.10.29 11:45;0;15,875;-200;-200;27185;205;0;
934;2022.10.29 12:00;0;15,9375;-200;-200;27186;205;0;
935;2022.10.29 12:15;0;16,125;-200;-200;27189;205;0;
936;2022.10.29 12:30;0;16,25;-200;-200;27191;205;0;
937;2022.10.29 12:45;0;16,5;-200;-200;27191;205;0;
938;2022.10.29 13:00;0;17;-200;-200;27192;205;0;
939;2022.10.29 13:15;0;17,75;-200;-200;27192;205;0;
940;2022.10.29 13:30;0;18,375;-200;-200;27193;205;0;
941;2022.10.29 13:45;0;18,75;-200;-200;27192;205;0;
942;2022.10.29 14:00;0;19,375;-200;-200;27193;205;0;
943;2022.10.29 14:15;0;20,125;-200;-200;27192;205;0;
944;2022.10.29 14:30;0;20,75;-200;-200;27192;205;0;
945;2022.10.29 14:45;0;21,5;-200;-200;27193;205;0;
946;2022.10.29 15:00;0;21,875;-200;-200;27193;205;0;
947;2022.10.29 15:15;0;22,1875;-200;-200;27193;205;0;
948;2022.10.29 15:30;0;22,375;-200;-200;27193;205;0;
949;2022.10.29 15:45;0;22,5;-200;-200;27193;205;0;
950;2022.10.29 16:00;0;22,625;-200;-200;27193;205;0;
951;2022.10.29 16:15;0;22,75;-200;-200;27193;205;0;
952;2022.10.29 16:30;0;23;-200;-200;27193;205;0;
953;2022.10.29 16:45;0;23,375;-200;-200;27193;205;0;
954;2022.10.29 17:00;0;23,4375;-200;-200;27193;205;0;
955;2022.10.29 17:15;0;23,4375;-200;-200;27193;205;0;
956;2022.10.29 17:30;0;23,125;-200;-200;27193;205;0;
957;2022.10.29 17:45;0;22,6875;-200;-200;27193;205;0;
958;2022.10.29 18:00;0;22,875;-200;-200;27193;205;0;
959;2022.10.29 18:15;0;22,9375;-200;-200;27193;205;0;
960;2022.10.29 18:30;0;23,0625;-200;-200;27193;205;0;
961;2022.10.29 18:45;0;23,125;-200;-200;27193;205;0;
962;2022.10.29 19:00;0;23,875;-200;-200;27193;205;0;
963;2022.10.29 19:15;0;24,125;-200;-200;27193;205;0;
964;2022.10.29 19:30;0;24,1875;-200;-200;27193;205;0;
965;2022.10.29 19:45;0;24,125;-200;-200;27193;205;0;
966;2022.10.29 20:00;0;23,625;-200;-200;27193;205;0;
967;2022.10.29 20:15;0;23,25;-200;-200;27193;205;0;
968;2022.10.29 20:30;0;22,625;-200;-200;27193;205;0;
969;2022.10.29 20:45;0;22,625;-200;-200;27193;205;0;
970;2022.10.29 21:00;0;22,9375;-200;-200;27193;205;0;
971;2022.10.29 21:15;0;22,625;-200;-200;27193;205;0;
972;2022.10.29 21:30;0;23,25;-200;-200;27193;205;0;
973;2022.10.29 21:45;0;22,8125;-200;-200;27193;205;0;
974;2022.10.29 22:00;0;22,375;-200;-200;27193;205;0;
975;2022.10.29 22:15;0;22,125;-200;-200;27193;205;0;
976;2022.10.29 22:30;0;21,5;-200;-200;27193;205;0;
977;2022.10.29 22:45;0;20,875;-200;-200;27194;205;0;
978;2022.10.29 23:00;0;20,125;-200;-200;27197;205;0;
979;2022.10.29 23:15;0;19,625;-200;-200;27198;205;0;
980;2022.10.29 23:30;0;19,25;-200;-200;27198;205;0;
981;2022.10.29 23:45;0;19,0625;-200;-200;27197;205;0;
982;2022.10.30 00:00;0;19;-200;-200;27196;205;0;
983;2022.10.30 00:15;0;18,875;-200;-200;27197;205;0;
984;2022.10.30 00:30;0;18,75;-200;-200;27196;205;0;
985;2022.10.30 00:45;0;18,625;-200;-200;27197;205;0;
986;2022.10.30 01:00;0;18,625;-200;-200;27199;205;0;
987;2022.10.30 01:15;0;18,5;-200;-200;27200;205;0;
988;2022.10.30 01:30;0;18,4375;-200;-200;27201;205;0;
989;2022.10.30 01:45;0;18,375;-200;-200;27200;205;0;
990;2022.10.30 02:00;0;18,25;-200;-200;27202;205;0;
991;2022.10.30 02:15;0;18;-200;-200;27207;205;0;
992;2022.10.30 02:30;0;17,875;-200;-200;27213;205;0;
993;2022.10.30 02:45;0;17,625;-200;-200;27223;205;0;
994;2022.10.30 03:00;0;17,375;-200;-200;27229;205;0;
995;2022.10.30 03:15;0;17,25;-200;-200;27232;205;0;
996;2022.10.30 03:30;0;17;-200;-200;27235;205;0;
997;2022.10.30 03:45;0;16,875;-200;-200;27238;205;0;
998;2022.10.30 04:00;0;16,75;-200;-200;27239;205;0;
999;2022.10.30 04:15;0;16,625;-200;-200;27242;205;0;
1000;2022.10.30 04:30;0;16,4375;-200;-200;27244;205;0;
1001;2022.10.30 04:45;0;16,25;-200;-200;27248;205;0;
1002;2022.10.30 05:00;0;16,1875;-200;-200;27250;205;0;
1003;2022.10.30 05:15;0;16,125;-200;-200;27252;205;0;
1004;2022.10.30 05:30;0;16;-200;-200;27255;205;0;
1005;2022.10.30 05:45;0;16;-200;-200;27258;205;0;
1006;2022.10.30 06:00;0;16;-200;-200;27263;205;0;
1007;2022.10.30 06:15;0;15,9375;-200;-200;27265;205;0;
1008;2022.10.30 06:30;0;15,9375;-200;-200;27267;205;0;
1009;2022.10.30 06:45;0;15,9375;-200;-200;27269;205;0;
1010;2022.10.30 07:00;0;15,875;-200;-200;27271;205;0;
1011;2022.10.30 07:15;0;15,8125;-200;-200;27273;205;0;
1012;2022.10.30 07:30;0;15,75;-200;-200;27275;205;0;
1013;2022.10.30 07:45;0;15,625;-200;-200;27276;205;0;
1014;2022.10.30 08:00;0;15,625;-200;-200;27276;205;0;
1015;2022.10.30 08:15;0;15,5625;-200;-200;27277;205;0;
1016;2022.10.30 08:30;0;15,5;-200;-200;27278;205;0;
1017;2022.10.30 08:45;0;15,4375;-200;-200;27280;205;0;
1018;2022.10.30 09:00;0;15,375;-200;-200;27281;205;0;
1019;2022.10.30 09:15;0;15,375;-200;-200;27283;205;0;
1020;2022.10.30 09:30;0;15,375;-200;-200;27285;205;0;
1021;2022.10.30 09:45;0;15,375;-200;-200;27285;205;0;
1022;2022.10.30 10:00;0;15,375;-200;-200;27287;205;0;
1023;2022.10.30 10:15;0;15,375;-200;-200;27289;205;0;
1024;2022.10.30 10:30;0;15,375;-200;-200;27291;205;0;
1025;2022.10.30 10:45;0;15,375;-200;-200;27292;205;0;
1026;2022.10.30 11:00;0;15,375;-200;-200;27293;205;0;
1027;2022.10.30 11:15;0;15,4375;-200;-200;27295;205;0;
1028;2022.10.30 11:30;0;15,375;-200;-200;27297;205;0;
1029;2022.10.30 11:45;0;15,375;-200;-200;27299;205;0;
1030;2022.10.30 12:00;0;15,5;-200;-200;27300;205;0;
1031;2022.10.30 12:15;0;15,625;-200;-200;27302;205;0;
1032;2022.10.30 12:30;0;15,875;-200;-200;27299;205;0;
1033;2022.10.30 12:45;0;16,1875;-200;-200;27298;205;0;
1034;2022.10.30 13:00;0;16,75;-200;-200;27299;205;0;
1035;2022.10.30 13:15;0;17,6875;-200;-200;27298;205;0;
1036;2022.10.30 13:30;0;18,5;-200;-200;27299;205;0;
1037;2022.10.30 13:45;0;18,875;-200;-200;27299;205;0;
1038;2022.10.30 14:00;0;19,25;-200;-200;27299;205;0;
1039;2022.10.30 14:15;0;20,125;-200;-200;27299;205;0;
1040;2022.10.30 14:30;0;20,6875;-200;-200;27301;205;0;
1041;2022.10.30 14:45;0;20,375;-200;-200;27301;205;0;
1042;2022.10.30 15:00;0;19,8125;-200;-200;27303;205;0;
1043;2022.10.30 15:15;0;20;-200;-200;27302;205;0;
1044;2022.10.30 15:30;0;20,125;-200;-200;27302;205;0;
1045;2022.10.30 15:45;0;21,0625;-200;-200;27301;205;0;
1046;2022.10.30 16:00;0;21,125;-200;-200;27301;205;0;
1047;2022.10.30 16:15;0;20,5;-200;-200;27303;205;0;
1048;2022.10.30 16:30;0;20,1875;-200;-200;27302;205;0;
1049;2022.10.30 16:45;0;20,375;-200;-200;27302;205;0;
1050;2022.10.30 17:00;0;21,625;-200;-200;27302;205;0;
1051;2022.10.30 17:15;0;21,8125;-200;-200;27301;205;0;
1052;2022.10.30 17:30;0;22;-200;-200;27302;205;0;
1053;2022.10.30 17:45;0;21,875;-200;-200;27303;205;0;
1054;2022.10.30 18:00;0;21,5625;-200;-200;27302;205;0;
1055;2022.10.30 18:15;0;21,5;-200;-200;27302;205;0;
1056;2022.10.30 18:30;0;22,1875;-200;-200;27303;205;0;
1057;2022.10.30 18:45;0;22,0625;-200;-200;27303;205;0;
1058;2022.10.30 19:00;0;22,125;-200;-200;27303;205;0;
1059;2022.10.30 19:15;0;21,875;-200;-200;27303;205;0;
1060;2022.10.30 19:30;0;21,5625;-200;-200;27303;205;0;
1061;2022.10.30 19:45;0;21;-200;-200;27304;205;0;
1062;2022.10.30 20:00;0;20,625;-200;-200;27306;205;0;
1063;2022.10.30 20:15;0;21,125;-200;-200;27305;205;0;
1064;2022.10.30 20:30;0;21,5;-200;-200;27305;205;0;
1065;2022.10.30 20:45;0;22,25;-200;-200;27305;205;0;
1066;2022.10.30 21:00;0;21,9375;-200;-200;27305;205;0;
1067;2022.10.30 21:15;0;21,4375;-200;-200;27305;205;0;
1068;2022.10.30 21:30;0;21,0625;-200;-200;27305;205;0;
1069;2022.10.30 21:45;0;21,4375;-200;-200;27306;205;0;
1070;2022.10.30 22:00;0;21;-200;-200;27306;205;0;
1071;2022.10.30 22:15;0;20,5;-200;-200;27307;205;0;
1072;2022.10.30 22:30;0;20,125;-200;-200;27307;205;0;
1073;2022.10.30 22:45;0;19,6875;-200;-200;27309;205;0;
1074;2022.10.30 23:00;0;19,125;-200;-200;27309;205;0;
1075;2022.10.30 23:15;0;18,75;-200;-200;27311;205;0;
1076;2022.10.30 23:30;0;18,5;-200;-200;27310;205;0;
1077;2022.10.30 23:45;0;18,25;-200;-200;27313;205;0;
1078;2022.10.31 00:00;0;18,125;-200;-200;27315;205;0;
1079;2022.10.31 00:15;0;18;-200;-200;27332;205;0;
1080;2022.10.31 00:30;0;17,875;-200;-200;27343;205;0;
1081;2022.10.31 00:45;0;17,625;-200;-200;27349;205;0;
1082;2022.10.31 01:00;0;17,4375;-200;-200;27352;205;0;
1083;2022.10.31 01:15;0;17,25;-200;-200;27352;205;0;
1084;2022.10.31 01:30;0;17,125;-200;-200;27356;205;0;
1085;2022.10.31 01:45;0;16,875;-200;-200;27358;205;0;
1086;2022.10.31 02:00;0;16,75;-200;-200;27361;205;0;
1087;2022.10.31 02:15;0;16,625;-200;-200;27364;205;0;
1088;2022.10.31 02:30;0;16,625;-200;-200;27368;205;0;
1089;2022.10.31 02:45;0;16,625;-200;-200;27372;205;0;
1090;2022.10.31 03:00;0;16,5;-200;-200;27376;205;0;
1091;2022.10.31 03:15;0;16,4375;-200;-200;27378;205;0;
1092;2022.10.31 03:30;0;16,375;-200;-200;27382;205;0;
1093;2022.10.31 03:45;0;16,375;-200;-200;27381;205;0;
1094;2022.10.31 04:00;0;16,3125;-200;-200;27385;205;0;
1095;2022.10.31 04:15;0;16,25;-200;-200;27385;205;0;
1096;2022.10.31 04:30;0;16,125;-200;-200;27387;205;0;
1097;2022.10.31 04:45;0;16;-200;-200;27392;205;0;
1098;2022.10.31 05:00;0;15,875;-200;-200;27393;205;0;
1099;2022.10.31 05:15;0;15,8125;-200;-200;27395;205;0;
1100;2022.10.31 05:30;0;15,75;-200;-200;27394;205;0;
1101;2022.10.31 05:45;0;15,8125;-200;-200;27395;205;0;
1102;2022.10.31 06:00;0;15,75;-200;-200;27399;205;0;
1103;2022.10.31 06:15;0;15,75;-200;-200;27401;205;0;
1104;2022.10.31 06:30;0;15,75;-200;-200;27402;205;0;
1105;2022.10.31 06:45;0;15,75;-200;-200;27407;205;0;
1106;2022.10.31 07:00;0;15,6875;-200;-200;27409;205;0;
1107;2022.10.31 07:15;0;15,625;-200;-200;27413;205;0;
1108;2022.10.31 07:30;0;15,625;-200;-200;27419;205;0;
1109;2022.10.31 07:45;0;15,5625;-200;-200;27417;205;0;
1110;2022.10.31 08:00;0;15,5;-200;-200;27422;205;0;
1111;2022.10.31 08:15;0;15,4375;-200;-200;27424;205;0;
1112;2022.10.31 08:30;0;15,375;-200;-200;27427;205;0;
1113;2022.10.31 08:45;0;15,375;-200;-200;27427;205;0;
1114;2022.10.31 09:00;0;15,375;-200;-200;27430;205;0;
1115;2022.10.31 09:15;0;15,3125;-200;-200;27431;205;0;
1116;2022.10.31 09:30;0;15,25;-200;-200;27432;205;0;
1117;2022.10.31 09:45;0;15,25;-200;-200;27435;205;0;
1118;2022.10.31 10:00;0;15,1875;-200;-200;27437;205;0;
1119;2022.10.31 10:15;0;15,125;-200;-200;27440;205;0;
1120;2022.10.31 10:30;0;15,0625;-200;-200;27442;205;0;
1121;2022.10.31 10:45;0;15,0625;-200;-200;27448;205;0;
1122;2022.10.31 11:00;0;15,125;-200;-200;27444;205;0;
1123;2022.10.31 11:15;0;15,125;-200;-200;27447;205;0;
1124;2022.10.31 11:30;0;15,125;-200;-200;27450;205;0;
1125;2022.10.31 11:45;0;15,125;-200;-200;27449;205;0;
1126;2022.10.31 12:00;0;15,125;-200;-200;27450;205;0;
1127;2022.10.31 12:15;0;15,3125;-200;-200;27454;205;0;
1128;2022.10.31 12:30;0;15,625;-200;-200;27454;205;0;
1129;2022.10.31 12:45;0;15,875;-200;-200;27456;205;0;
1130;2022.10.31 13:00;0;16,25;-200;-200;27460;205;0;
1131;2022.10.31 13:15;0;16,9375;-200;-200;27459;205;0;
1132;2022.10.31 13:30;0;17,5625;-200;-200;27459;205;0;
1133;2022.10.31 13:45;0;18,125;-200;-200;27458;205;0;
1134;2022.10.31 14:00;0;18,5;-200;-200;27459;205;0;
1135;2022.10.31 14:15;0;19,0625;-200;-200;27459;205;0;
1136;2022.10.31 14:30;0;19,6875;-200;-200;27459;205;0;
1137;2022.10.31 14:45;0;20,625;-200;-200;27458;205;0;
1138;2022.10.31 15:00;0;20,75;-200;-200;27458;205;0;
1139;2022.10.31 15:15;0;21;-200;-200;27458;205;0;
1140;2022.10.31 15:30;0;21,5;-200;-200;27458;205;0;
1141;2022.10.31 15:45;0;22,125;-200;-200;27457;205;0;
1142;2022.10.31 16:00;0;22,25;-200;-200;27458;205;0;
1143;2022.10.31 16:15;0;21,375;-200;-200;27458;205;0;
1144;2022.10.31 16:30;0;20,75;-200;-200;27459;205;0;
1145;2022.10.31 16:45;0;20,625;-200;-200;27458;205;0;
1146;2022.10.31 17:00;0;20,8125;-200;-200;27459;205;0;
1147;2022.10.31 17:15;0;21,5;-200;-200;27458;205;0;
1148;2022.10.31 17:30;0;21;-200;-200;27458;205;0;
1149;2022.10.31 17:45;0;20,875;-200;-200;27458;205;0;
1150;2022.10.31 18:00;0;21,875;-200;-200;27458;205;0;
1151;2022.10.31 18:15;0;21,875;-200;-200;27458;205;0;
1152;2022.10.31 18:30;0;21,875;-200;-200;27458;205;0;
1153;2022.10.31 18:45;0;22,6875;-200;-200;27458;205;0;
1154;2022.10.31 19:00;0;23,25;-200;-200;27458;205;0;
1155;2022.10.31 19:15;0;23,5625;-200;-200;27457;205;0;
1156;2022.10.31 19:30;0;24,125;-200;-200;27457;205;0;
1157;2022.10.31 19:45;0;23,5;-200;-200;27458;205;0;
1158;2022.10.31 20:00;0;23,6875;-200;-200;27458;205;0;
1159;2022.10.31 20:15;0;23,9375;-200;-200;27458;205;0;
1160;2022.10.31 20:30;0;24,125;-200;-200;27458;205;0;
1161;2022.10.31 20:45;0;24;-200;-200;27458;205;0;
1162;2022.10.31 21:00;0;24;-200;-200;27458;205;0;
1163;2022.10.31 21:15;0;23,5;-200;-200;27458;205;0;
1164;2022.10.31 21:30;0;22,5;-200;-200;27458;205;0;
1165;2022.10.31 21:45;0;22,375;-200;-200;27459;205;0;
1166;2022.10.31 22:00;0;21,875;-200;-200;27461;205;0;
1167;2022.10.31 22:15;0;21,1875;-200;-200;27459;205;0;
1168;2022.10.31 22:30;0;21,375;-200;-200;27459;205;0;
1169;2022.10.31 22:45;0;20,875;-200;-200;27460;205;0;
1170;2022.10.31 23:00;0;20,375;-200;-200;27462;205;0;
1171;2022.10.31 23:15;0;19,75;-200;-200;27463;205;0;
1172;2022.10.31 23:30;0;19,25;-200;-200;27463;205;0;
1173;2022.10.31 23:45;0;19;-200;-200;27465;205;0;
1174;2022.11.01 00:00;0;18,8125;-200;-200;27465;205;0;
1175;2022.11.01 00:15;0;18,6875;-200;-200;27465;205;0;
1176;2022.11.01 00:30;0;18,625;-200;-200;27465;205;0;
1177;2022.11.01 00:45;0;18,5625;-200;-200;27467;205;0;
1178;2022.11.01 01:00;0;18,4375;-200;-200;27467;205;0;
1179;2022.11.01 01:15;0;18,375;-200;-200;27465;205;0;
1180;2022.11.01 01:30;0;18,375;-200;-200;27465;205;0;
1181;2022.11.01 01:45;0;18,375;-200;-200;27469;205;0;
1182;2022.11.01 02:00;0;18,25;-200;-200;27472;205;0;
1183;2022.11.01 02:15;0;18,125;-200;-200;27475;205;0;
1184;2022.11.01 02:30;0;18,125;-200;-200;27496;205;0;
1185;2022.11.01 02:45;0;18;-200;-200;27503;205;0;
1186;2022.11.01 03:00;0;18;-200;-200;27507;205;0;
1187;2022.11.01 03:15;0;18;-200;-200;27508;205;0;
1188;2022.11.01 03:30;0;17,875;-200;-200;27508;205;0;
1189;2022.11.01 03:45;0;17,875;-200;-200;27510;205;0;
1190;2022.11.01 04:00;0;17,8125;-200;-200;27512;205;0;
1191;2022.11.01 04:15;0;17,75;-200;-200;27515;205;0;
1192;2022.11.01 04:30;0;17,6875;-200;-200;27517;205;0;
1193;2022.11.01 04:45;0;17,625;-200;-200;27520;205;0;
1194;2022.11.01 05:00;0;17,5;-200;-200;27523;205;0;
1195;2022.11.01 05:15;0;17,4375;-200;-200;27526;205;0;
1196;2022.11.01 05:30;0;17,5;-200;-200;27529;205;0;
1197;2022.11.01 05:45;0;17,5;-200;-200;27535;205;0;
1198;2022.11.01 06:00;0;17,5;-200;-200;27537;205;0;
1199;2022.11.01 06:15;0;17,5;-200;-200;27538;205;0;
1200;2022.11.01 06:30;0;17,375;-200;-200;27544;205;0;
1201;2022.11.01 06:45;0;17,25;-200;-200;27542;205;0;
1202;2022.11.01 07:00;0;17,25;-200;-200;27545;205;0;
1203;2022.11.01 07:15;0;17,125;-200;-200;27549;205;0;
1204;2022.11.01 07:30;0;17,125;-200;-200;27550;205;0;
1205;2022.11.01 07:45;0;17,125;-200;-200;27554;205;0;
1206;2022.11.01 08:00;0;17,125;-200;-200;27558;205;0;
1207;2022.11.01 08:15;0;17,125;-200;-200;27559;205;0;
1208;2022.11.01 08:30;0;17;-200;-200;27560;205;0;
1209;2022.11.01 08:45;0;16,9375;-200;-200;27560;205;0;
1210;2022.11.01 09:00;0;16,875;-200;-200;27561;205;0;
1211;2022.11.01 09:15;0;16,5625;-200;-200;27564;205;0;
1212;2022.11.01 09:30;0;16,5;-200;-200;27563;205;0;
1213;2022.11.01 09:45;0;16,375;-200;-200;27567;205;0;
1214;2022.11.01 10:00;0;16,5;-200;-200;27570;205;0;
1215;2022.11.01 10:15;0;16,5;-200;-200;27575;205;0;
1216;2022.11.01 10:30;0;16,625;-200;-200;27576;205;0;
1217;2022.11.01 10:45;0;16,625;-200;-200;27580;205;0;
1218;2022.11.01 11:00;0;16,625;-200;-200;27579;205;0;
1219;2022.11.01 11:15;0;16,75;-200;-200;27583;205;0;
1220;2022.11.01 11:30;0;16,75;-200;-200;27585;205;0;
1221;2022.11.01 11:45;0;16,75;-200;-200;27589;205;0;
1222;2022.11.01 12:00;0;16,75;-200;-200;27589;205;0;
1223;2022.11.01 12:15;0;16,9375;-200;-200;27590;205;0;
1224;2022.11.01 12:30;0;17,125;-200;-200;27593;205;0;
1225;2022.11.01 12:45;0;17,625;-200;-200;27597;205;0;
1226;2022.11.01 13:00;0;18,25;-200;-200;27598;205;0;
1227;2022.11.01 13:15;0;19,1875;-200;-200;27600;205;0;
1228;2022.11.01 13:30;0;19,625;-200;-200;27600;205;0;
1229;2022.11.01 13:45;0;20;-200;-200;27600;205;0;
1230;2022.11.01 14:00;0;20,375;-200;-200;27599;205;0;
1231;2022.11.01 14:15;0;21;-200;-200;27600;205;0;
1232;2022.11.01 14:30;0;21;-200;-200;27599;205;0;
1233;2022.11.01 14:45;0;20,375;-200;-200;27599;205;0;
1234;2022.11.01 15:00;0;21,125;-200;-200;27599;205;0;
1235;2022.11.01 15:15;0;22,25;-200;-200;27598;205;0;
1236;2022.11.01 15:30;0;22,375;-200;-200;27599;205;0;
1237;2022.11.01 15:45;0;23,125;-200;-200;27598;205;0;
1238;2022.11.01 16:00;0;23,25;-200;-200;27599;205;0;
1239;2022.11.01 16:15;0;23,25;-200;-200;27599;205;0;
1240;2022.11.01 16:30;0;23,125;-200;-200;27598;205;0;
1241;2022.11.01 16:45;0;23;-200;-200;27599;205;0;
1242;2022.11.01 17:00;0;22,75;-200;-200;27599;205;0;
1243;2022.11.01 17:15;0;23;-200;-200;27598;205;0;
1244;2022.11.01 17:30;0;23,375;-200;-200;27599;205;0;
1245;2022.11.01 17:45;0;23,875;-200;-200;27598;205;0;
1246;2022.11.01 18:00;0;24,0625;-200;-200;27599;205;0;
1247;2022.11.01 18:15;0;23,875;-200;-200;27599;205;0;
1248;2022.11.01 18:30;0;22,875;-200;-200;27599;205;0;
1249;2022.11.01 18:45;0;22;-200;-200;27600;205;0;
1250;2022.11.01 19:00;0;21,875;-200;-200;27600;205;0;
1251;2022.11.01 19:15;0;21,5;-200;-200;27602;205;0;
1252;2022.11.01 19:30;0;21,125;-200;-200;27601;205;0;
1253;2022.11.01 19:45;0;21,5;-200;-200;27602;205;0;
1254;2022.11.01 20:00;0;21,125;-200;-200;27602;205;0;
1255;2022.11.01 20:15;0;20,625;-200;-200;27602;205;0;
1256;2022.11.01 20:30;0;20,375;-200;-200;27603;205;0;
1257;2022.11.01 20:45;0;20,0625;-200;-200;27603;205;0;
1258;2022.11.01 21:00;0;20;-200;-200;27602;205;0;
1259;2022.11.01 21:15;0;20,125;-200;-200;27604;205;0;
1260;2022.11.01 21:30;0;20,5;-200;-200;27604;205;0;
1261;2022.11.01 21:45;0;20,3125;-200;-200;27604;205;0;
1262;2022.11.01 22:00;0;20,5625;-200;-200;27603;205;0;
1263;2022.11.01 22:15;0;20,625;-200;-200;27604;205;0;
1264;2022.11.01 22:30;0;20,25;-200;-200;27604;205;0;
1265;2022.11.01 22:45;0;20;-200;-200;27606;205;0;
1266;2022.11.01 23:00;0;19,75;-200;-200;27606;205;0;
1267;2022.11.01 23:15;0;19,5;-200;-200;27607;205;0;
1268;2022.11.01 23:30;0;19,3125;-200;-200;27607;205;0;
1269;2022.11.01 23:45;0;19,125;-200;-200;27610;205;0;
1270;2022.11.02 00:00;0;19;-200;-200;27625;205;0;
1271;2022.11.02 00:15;0;19;-200;-200;27634;205;0;
1272;2022.11.02 00:30;0;19;-200;-200;27641;205;0;
1273;2022.11.02 00:45;0;18,875;-200;-200;27644;205;0;
1274;2022.11.02 01:00;0;18,875;-200;-200;27650;205;0;
1275;2022.11.02 01:15;0;18,875;-200;-200;27650;205;0;
1276;2022.11.02 01:30;0;18,875;-200;-200;27653;205;0;
1277;2022.11.02 01:45;0;18,8125;-200;-200;27656;205;0;
1278;2022.11.02 02:00;0;18,75;-200;-200;27659;205;0;
1279;2022.11.02 02:15;0;18,75;-200;-200;27661;205;0;
1280;2022.11.02 02:30;0;18,75;-200;-200;27664;205;0;
1281;2022.11.02 02:45;0;18,6875;-200;-200;27666;205;0;
1282;2022.11.02 03:00;0;18,625;-200;-200;27666;205;0;
1283;2022.11.02 03:15;0;18,5;-200;-200;27667;205;0;
1284;2022.11.02 03:30;0;18,375;-200;-200;27673;205;0;
1285;2022.11.02 03:45;0;18,25;-200;-200;27677;205;0;
1286;2022.11.02 04:00;0;18,125;-200;-200;27678;205;0;
1287;2022.11.02 04:15;0;18,125;-200;-200;27682;205;0;
1288;2022.11.02 04:30;0;18;-200;-200;27686;205;0;
1289;2022.11.02 04:45;0;17,875;-200;-200;27689;205;0;
1290;2022.11.02 05:00;0;17,75;-200;-200;27691;205;0;
1291;2022.11.02 05:15;0;17,625;-200;-200;27694;205;0;
1292;2022.11.02 05:30;0;17,5;-200;-200;27695;205;0;
1293;2022.11.02 05:45;0;17,375;-200;-200;27698;205;0;
1294;2022.11.02 06:00;0;17,25;-200;-200;27702;205;0;
1295;2022.11.02 06:15;0;17,125;-200;-200;27705;205;0;
1296;2022.11.02 06:30;0;17;-200;-200;27707;205;0;
1297;2022.11.02 06:45;0;16,9375;-200;-200;27710;205;0;
1298;2022.11.02 07:00;0;16,875;-200;-200;27715;205;0;
1299;2022.11.02 07:15;0;16,875;-200;-200;27718;205;0;
1300;2022.11.02 07:30;0;16,8125;-200;-200;27725;205;0;
1301;2022.11.02 07:45;0;16,6875;-200;-200;27727;205;0;
1302;2022.11.02 08:00;0;16,5625;-200;-200;27727;205;0;
1303;2022.11.02 08:15;0;16,5;-200;-200;27731;205;0;
1304;2022.11.02 08:30;0;16,375;-200;-200;27733;205;0;
1305;2022.11.02 08:45;0;16,375;-200;-200;27736;205;0;
1306;2022.11.02 09:00;0;16,375;-200;-200;27740;205;0;
1307;2022.11.02 09:15;0;16,375;-200;-200;27741;205;0;
1308;2022.11.02 09:30;0;16,375;-200;-200;27742;205;0;
1309;2022.11.02 09:45;0;16,25;-200;-200;27745;205;0;
1310;2022.11.02 10:00;0;16,25;-200;-200;27747;205;0;
1311;2022.11.02 10:15;0;16,25;-200;-200;27747;205;0;
1312;2022.11.02 10:30;0;16,3125;-200;-200;27747;205;0;
1313;2022.11.02 10:45;0;16,3125;-200;-200;27750;205;0;
1314;2022.11.02 11:00;0;16,375;-200;-200;27754;205;0;
1315;2022.11.02 11:15;0;16,375;-200;-200;27755;205;0;
1316;2022.11.02 11:30;0;16,5;-200;-200;27756;205;0;
1317;2022.11.02 11:45;0;16,625;-200;-200;27757;205;0;
1318;2022.11.02 12:00;0;16,75;-200;-200;27761;205;0;
1319;2022.11.02 12:15;0;16,8125;-200;-200;27766;205;0;
1320;2022.11.02 12:30;0;16,875;-200;-200;27768;205;0;
1321;2022.11.02 12:45;0;17,125;-200;-200;27770;205;0;
1322;2022.11.02 13:00;0;17,5625;-200;-200;27769;205;0;
1323;2022.11.02 13:15;0;18,375;-200;-200;27772;205;0;
1324;2022.11.02 13:30;0;18,875;-200;-200;27771;205;0;
1325;2022.11.02 13:45;0;19,25;-200;-200;27771;205;0;
1326;2022.11.02 14:00;0;19,6875;-200;-200;27771;205;0;
1327;2022.11.02 14:15;0;20,125;-200;-200;27772;205;0;
1328;2022.11.02 14:30;0;20,625;-200;-200;27771;205;0;
1329;2022.11.02 14:45;0;21,125;-200;-200;27770;205;0;
1330;2022.11.02 15:00;0;21,5;-200;-200;27771;205;0;
1331;2022.11.02 15:15;0;21,75;-200;-200;27772;205;0;
1332;2022.11.02 15:30;0;21,875;-200;-200;27771;205;0;
1333;2022.11.02 15:45;0;22,0625;-200;-200;27770;205;0;
1334;2022.11.02 16:00;0;22,5;-200;-200;27770;205;0;
1335;2022.11.02 16:15;0;22,875;-200;-200;27771;205;0;
1336;2022.11.02 16:30;0;22,75;-200;-200;27771;205;0;
1337;2022.11.02 16:45;0;22,375;-200;-200;27772;205;0;
1338;2022.11.02 17:00;0;22,5;-200;-200;27771;205;0;
1339;2022.11.02 17:15;0;22,5;-200;-200;27771;205;0;
1340;2022.11.02 17:30;0;22,625;-200;-200;27771;205;0;
1341;2022.11.02 17:45;0;22,5;-200;-200;27771;205;0;
1342;2022.11.02 18:00;0;23;-200;-200;27771;205;0;
1343;2022.11.02 18:15;0;23,4375;-200;-200;27771;205;0;
1344;2022.11.02 18:30;0;23,4375;-200;-200;27771;205;0;
1345;2022.11.02 18:45;0;23,75;-200;-200;27771;205;0;
1346;2022.11.02 19:00;0;24,125;-200;-200;27770;205;0;
1347;2022.11.02 19:15;0;24;-200;-200;27770;205;0;
1348;2022.11.02 19:30;0;23,875;-200;-200;27770;205;0;
1349;2022.11.02 19:45;0;24,25;-200;-200;27770;205;0;
1350;2022.11.02 20:00;0;24,375;-200;-200;27770;205;0;
1351;2022.11.02 20:15;0;24,625;-200;-200;27770;205;0;
1352;2022.11.02 20:30;0;24,625;-200;-200;27770;205;0;
1353;2022.11.02 20:45;0;24,375;-200;-200;27770;205;0;
1354;2022.11.02 21:00;0;24,125;-200;-200;27771;205;0;
1355;2022.11.02 21:15;0;23,1875;-200;-200;27771;205;0;
1356;2022.11.02 21:30;0;23,25;-200;-200;27771;205;0;
1357;2022.11.02 21:45;0;22,625;-200;-200;27771;205;0;
1358;2022.11.02 22:00;0;22;-200;-200;27772;205;0;
1359;2022.11.02 22:15;0;21,25;-200;-200;27775;205;0;
1360;2022.11.02 22:30;0;20,6875;-200;-200;27777;205;0;
1361;2022.11.02 22:45;0;20,375;-200;-200;27778;205;0;
1362;2022.11.02 23:00;0;20,0625;-200;-200;27777;205;0;
1363;2022.11.02 23:15;0;19,875;-200;-200;27778;205;0;
1364;2022.11.02 23:30;0;19,625;-200;-200;27779;205;0;
1365;2022.11.02 23:45;0;19,4375;-200;-200;27779;205;0;
1366;2022.11.03 00:00;0;19,3125;-200;-200;27780;205;0;
1367;2022.11.03 00:15;0;19,0625;-200;-200;27781;205;0;
1368;2022.11.03 00:30;0;18,9375;-200;-200;27781;205;0;
1369;2022.11.03 00:45;0;18,875;-200;-200;27781;205;0;
1370;2022.11.03 01:00;0;18,8125;-200;-200;27782;205;0;
1371;2022.11.03 01:15;0;18,75;-200;-200;27782;205;0;
1372;2022.11.03 01:30;0;18,8125;-200;-200;27787;205;0;
1373;2022.11.03 01:45;0;18,875;-200;-200;27791;205;0;
1374;2022.11.03 02:00;0;18,875;-200;-200;27799;205;0;
1375;2022.11.03 02:15;0;18,875;-200;-200;27809;205;0;
1376;2022.11.03 02:30;0;18,875;-200;-200;27812;205;0;
1377;2022.11.03 02:45;0;18,8125;-200;-200;27815;205;0;
1378;2022.11.03 03:00;0;18,75;-200;-200;27817;205;0;
1379;2022.11.03 03:15;0;18,75;-200;-200;27819;205;0;
1380;2022.11.03 03:30;0;18,625;-200;-200;27822;205;0;
1381;2022.11.03 03:45;0;18,625;-200;-200;27825;205;0;
1382;2022.11.03 04:00;0;18,5625;-200;-200;27828;205;0;
1383;2022.11.03 04:15;0;18,5;-200;-200;27830;205;0;
1384;2022.11.03 04:30;0;18,4375;-200;-200;27832;205;0;
1385;2022.11.03 04:45;0;18,375;-200;-200;27833;205;0;
1386;2022.11.03 05:00;0;18,3125;-200;-200;27834;205;0;
1387;2022.11.03 05:15;0;18,25;-200;-200;27837;205;0;
1388;2022.11.03 05:30;0;18,125;-200;-200;27841;205;0;
1389;2022.11.03 05:45;0;18;-200;-200;27843;205;0;
1390;2022.11.03 06:00;0;17,875;-200;-200;27845;205;0;
1391;2022.11.03 06:15;0;17,75;-200;-200;27851;205;0;
1392;2022.11.03 06:30;0;17,5;-200;-200;27853;205;0;
1393;2022.11.03 06:45;0;17,25;-200;-200;27856;205;0;
1394;2022.11.03 07:00;0;17;-200;-200;27860;205;0;
1395;2022.11.03 07:15;0;16,8125;-200;-200;27862;205;0;
1396;2022.11.03 07:30;0;16,6875;-200;-200;27865;205;0;
1397;2022.11.03 07:45;0;16,5625;-200;-200;27866;205;0;
1398;2022.11.03 08:00;0;16,5;-200;-200;27869;205;0;
1399;2022.11.03 08:15;0;16,5;-200;-200;27872;205;0;
1400;2022.11.03 08:30;0;16,375;-200;-200;27875;205;0;
1401;2022.11.03 08:45;0;16,375;-200;-200;27876;205;0;
1402;2022.11.03 09:00;0;16,375;-200;-200;27881;205;0;
1403;2022.11.03 09:15;0;16,25;-200;-200;27883;205;0;
1404;2022.11.03 09:30;0;16,125;-200;-200;27885;205;0;
1405;2022.11.03 09:45;0;16,125;-200;-200;27887;205;0;
1406;2022.11.03 10:00;0;16,125;-200;-200;27891;205;0;
1407;2022.11.03 10:15;0;16,125;-200;-200;27894;205;0;
1408;2022.11.03 10:30;0;16,125;-200;-200;27897;205;0;
1409;2022.11.03 10:45;0;16,25;-200;-200;27900;205;0;
1410;2022.11.03 11:00;0;16,25;-200;-200;27905;205;0;
1411;2022.11.03 11:15;0;16,25;-200;-200;27908;205;0;
1412;2022.11.03 11:30;0;16,125;-200;-200;27910;205;0;
1413;2022.11.03 11:45;0;15,9375;-200;-200;27912;205;0;
1414;2022.11.03 12:00;0;15,875;-200;-200;27912;205;0;
1415;2022.11.03 12:15;0;16;-200;-200;27914;205;0;
1416;2022.11.03 12:30;0;16,125;-200;-200;27914;205;0;
1417;2022.11.03 12:45;0;16,5;-200;-200;27916;205;0;
1418;2022.11.03 13:00;0;16,875;-200;-200;27916;205;0;
1419;2022.11.03 13:15;0;17,1875;-200;-200;27917;205;0;
1420;2022.11.03 13:30;0;17,5;-200;-200;27919;205;0;
1421;2022.11.03 13:45;0;18,0625;-200;-200;27920;205;0;
1422;2022.11.03 14:00;0;18,875;-200;-200;27919;205;0;
1423;2022.11.03 14:15;0;19,6875;-200;-200;27920;205;0;
1424;2022.11.03 14:30;0;20,25;-200;-200;27921;205;0;
1425;2022.11.03 14:45;0;21;-200;-200;27921;205;0;
1426;2022.11.03 15:00;0;21,625;-200;-200;27921;205;0;
1427;2022.11.03 15:15;0;22,25;-200;-200;27922;205;0;
1428;2022.11.03 15:30;0;22,125;-200;-200;27922;205;0;
1429;2022.11.03 15:45;0;22,1875;-200;-200;27921;205;0;
1430;2022.11.03 16:00;0;22,6875;-200;-200;27921;205;0;
1431;2022.11.03 16:15;0;22,3125;-200;-200;27921;205;0;
1432;2022.11.03 16:30;0;21,75;-200;-200;27921;205;0;
1433;2022.11.03 16:45;0;21,5;-200;-200;27923;205;0;
